"FACILITY","SampleDate","Time","BuildingCode","SPCODE","LGT","AdClip","Size_Run","DNA_Run","CWT_Run","CATCH","Salvage","LOSS"
2,"2024-11-19","14:00","F",1,139,"N","LF","F",,1,4.00,3.19
2,"2024-11-29","10:00","F",1,134,"C","LF",,"LF",1,4.00,2.60
2,"2024-11-30","08:00","F",1,153,"N","LF","F",,1,4.00,2.60
2,"2024-12-01","10:00","F",1,170,"N","F","LF",,1,4.00,2.60
2,"2024-12-02","14:00","F",1,176,"C","F",,"LF",1,4.00,3.52
2,"2024-12-03","06:00","F",1,140,"C","LF",,"LF",1,4.00,3.52
2,"2024-12-03","06:00","F",1,145,"C","LF",,"LF",1,4.00,3.52
2,"2024-12-03","06:00","F",1,150,"C","LF",,"LF",1,4.00,3.52
2,"2024-12-03","06:00","F",1,155,"C","LF",,"LF",1,4.00,3.52
2,"2024-12-03","06:00","F",1,175,"C","F",,"LF",1,4.00,3.52
2,"2024-12-03","06:00","F",1,180,"C","F",,,1,4.00,3.52
2,"2024-12-03","06:00","F",1,190,"C","F",,,1,4.00,3.52
2,"2024-12-03","08:00","F",1,143,"C","LF",,,1,4.00,3.52
2,"2024-12-03","14:00","F",1,136,"C","LF",,"LF",1,4.00,3.52
2,"2024-12-03","14:00","F",1,154,"C","LF",,"LF",1,4.00,3.52
2,"2024-12-03","14:00","F",1,162,"C","LF",,"LF",1,4.00,3.52
2,"2024-12-03","18:00","F",1,153,"C","LF",,"LF",1,4.00,3.52
2,"2024-12-03","18:00","F",1,155,"C","LF",,"LF",1,4.00,3.52
2,"2024-12-03","18:00","F",1,166,"C","LF",,"LF",1,4.00,3.52
2,"2024-12-03","18:00","F",1,172,"C","F",,"LF",1,4.00,3.52
2,"2024-12-04","02:00","F",1,116,"C","W",,"LF",1,4.00,2.60
2,"2024-12-04","02:00","F",1,131,"C","LF",,"LF",1,4.00,2.60
2,"2024-12-04","02:00","F",1,135,"C","LF",,"LF",1,4.00,2.60
2,"2024-12-04","02:00","F",1,139,"C","LF",,"LF",1,4.00,2.60
2,"2024-12-04","02:00","F",1,140,"C","LF",,"LF",1,4.00,2.60
2,"2024-12-04","02:00","F",1,145,"C","LF",,"LF",1,4.00,2.60
2,"2024-12-04","02:00","F",1,145,"C","LF",,"LF",1,4.00,2.60
2,"2024-12-04","02:00","F",1,148,"C","LF",,,1,4.00,2.60
2,"2024-12-04","02:00","F",1,150,"N","LF","F",,1,4.00,2.60
2,"2024-12-04","02:00","F",1,152,"C","LF",,"LF",1,4.00,2.60
2,"2024-12-04","02:00","F",1,155,"C","LF",,"LF",1,4.00,2.60
2,"2024-12-04","02:00","F",1,155,"C","LF",,"LF",1,4.00,2.60
2,"2024-12-04","02:00","F",1,156,"C","LF",,"LF",1,4.00,2.60
2,"2024-12-04","02:00","F",1,160,"C","LF",,,1,4.00,2.60
2,"2024-12-04","02:00","F",1,160,"C","LF",,"LF",1,4.00,2.60
2,"2024-12-04","02:00","F",1,160,"C","LF",,"LF",1,4.00,2.60
2,"2024-12-04","02:00","F",1,164,"C","LF",,"LF",1,4.00,2.60
2,"2024-12-04","02:00","F",1,164,"C","LF",,"LF",1,4.00,2.60
2,"2024-12-04","02:00","F",1,165,"C","LF",,"LF",1,4.00,2.60
2,"2024-12-04","02:00","F",1,169,"C","F",,"LF",1,4.00,2.60
2,"2024-12-04","02:00","F",1,169,"C","F",,"LF",1,4.00,2.60
2,"2024-12-04","02:00","F",1,178,"C","F",,"LF",1,4.00,2.60
2,"2024-12-04","02:00","F",1,184,"C","F",,"LF",1,4.00,2.60
2,"2024-12-04","04:00","F",1,151,"N","LF","LF",,1,4.00,2.60
2,"2024-12-04","04:00","F",1,151,"C","LF",,"LF",1,4.00,2.60
2,"2024-12-04","04:00","F",1,161,"N","LF","F",,1,4.00,2.60
2,"2024-12-04","04:00","F",1,171,"C","F",,,1,4.00,2.60
2,"2024-12-04","06:00","F",1,155,"C","LF",,"LF",1,4.00,2.60
2,"2024-12-04","06:00","F",1,166,"C","LF",,"LF",1,4.00,2.60
2,"2024-12-04","06:00","F",1,176,"C","F",,"LF",1,4.00,2.60
2,"2024-12-04","06:00","F",1,185,"C","F",,"LF",1,4.00,2.60
2,"2024-12-04","06:00","F",1,188,"C","F",,"LF",1,4.00,2.60
2,"2024-12-04","08:00","F",1,141,"C","LF",,"LF",1,4.00,2.60
2,"2024-12-04","10:00","F",1,138,"C","LF",,"LF",1,4.00,2.60
2,"2024-12-04","10:00","F",1,161,"C","LF",,"LF",1,4.00,2.60
2,"2024-12-04","10:00","F",1,171,"C","F",,"LF",1,4.00,2.60
2,"2024-12-04","10:00","F",1,171,"C","F",,"LF",1,4.00,2.60
2,"2024-12-04","12:00","F",1,133,"C","LF",,"LF",1,4.00,2.60
2,"2024-12-04","12:00","F",1,133,"C","LF",,"LF",1,4.00,2.60
2,"2024-12-04","12:00","F",1,133,"C","LF",,"LF",1,4.00,2.60
2,"2024-12-04","12:00","F",1,136,"C","LF",,"LF",1,4.00,2.60
2,"2024-12-04","12:00","F",1,137,"C","LF",,"LF",1,4.00,2.60
2,"2024-12-04","12:00","F",1,138,"N","LF","F",,1,4.00,2.60
2,"2024-12-04","12:00","F",1,142,"C","LF",,"LF",1,4.00,2.60
2,"2024-12-04","12:00","F",1,143,"C","LF",,"LF",1,4.00,2.60
2,"2024-12-04","12:00","F",1,147,"C","LF",,"LF",1,4.00,2.60
2,"2024-12-04","12:00","F",1,150,"N","LF","LF",,1,4.00,2.60
2,"2024-12-04","12:00","F",1,151,"C","LF",,"LF",1,4.00,2.60
2,"2024-12-04","12:00","F",1,152,"C","LF",,"LF",1,4.00,2.60
2,"2024-12-04","12:00","F",1,154,"C","LF",,"LF",1,4.00,2.60
2,"2024-12-04","12:00","F",1,155,"C","LF",,"LF",1,4.00,2.60
2,"2024-12-04","12:00","F",1,155,"C","LF",,"LF",1,4.00,2.60
2,"2024-12-04","12:00","F",1,158,"C","LF",,"LF",1,4.00,2.60
2,"2024-12-04","12:00","F",1,160,"C","LF",,"LF",1,4.00,2.60
2,"2024-12-04","12:00","F",1,160,"C","LF",,"LF",1,4.00,2.60
2,"2024-12-04","12:00","F",1,161,"C","LF",,"LF",1,4.00,2.60
2,"2024-12-04","12:00","F",1,162,"C","LF",,"LF",1,4.00,2.60
2,"2024-12-04","12:00","F",1,162,"C","LF",,"LF",1,4.00,2.60
2,"2024-12-04","12:00","F",1,163,"C","LF",,,1,4.00,2.60
2,"2024-12-04","12:00","F",1,163,"C","LF",,"LF",1,4.00,2.60
2,"2024-12-04","12:00","F",1,163,"C","LF",,"LF",1,4.00,2.60
2,"2024-12-04","12:00","F",1,164,"C","LF",,"LF",1,4.00,2.60
2,"2024-12-04","12:00","F",1,166,"C","LF",,"LF",1,4.00,2.60
2,"2024-12-04","12:00","F",1,168,"C","F",,"LF",1,4.00,2.60
2,"2024-12-04","12:00","F",1,173,"C","F",,"LF",1,4.00,2.60
2,"2024-12-04","12:00","F",1,176,"C","F",,"LF",1,4.00,2.60
2,"2024-12-04","12:00","F",1,182,"C","F",,"LF",1,4.00,2.60
2,"2024-12-04","12:00","F",1,184,"C","F",,"LF",1,4.00,2.60
2,"2024-12-04","12:00","F",1,185,"C","F",,"LF",1,4.00,2.60
2,"2024-12-04","12:00","F",1,195,"C","F",,"LF",1,4.00,2.60
2,"2024-12-04","14:00","F",1,147,"C","LF",,"LF",1,4.00,2.60
2,"2024-12-04","14:00","F",1,147,"C","LF",,"LF",1,4.00,2.60
2,"2024-12-04","14:00","F",1,162,"C","LF",,"LF",1,4.00,2.60
2,"2024-12-04","14:00","F",1,163,"C","LF",,"LF",1,4.00,2.60
2,"2024-12-04","16:00","F",1,131,"C","LF",,"LF",1,4.00,2.60
2,"2024-12-04","16:00","F",1,136,"C","LF",,"LF",1,4.00,2.60
2,"2024-12-04","18:00","F",1,127,"C","LF",,"LF",1,4.00,2.60
2,"2024-12-04","18:00","F",1,130,"C","LF",,"LF",1,4.00,2.60
2,"2024-12-04","18:00","F",1,131,"C","LF",,"LF",1,4.00,2.60
2,"2024-12-04","18:00","F",1,134,"C","LF",,"LF",1,4.00,2.60
2,"2024-12-04","18:00","F",1,142,"C","LF",,"LF",1,4.00,2.60
2,"2024-12-04","18:00","F",1,144,"C","LF",,"LF",1,4.00,2.60
2,"2024-12-04","18:00","F",1,145,"C","LF",,"LF",1,4.00,2.60
2,"2024-12-04","18:00","F",1,147,"C","LF",,"LF",1,4.00,2.60
2,"2024-12-04","18:00","F",1,149,"C","LF",,"LF",1,4.00,2.60
2,"2024-12-04","18:00","F",1,149,"C","LF",,"LF",1,4.00,2.60
2,"2024-12-04","18:00","F",1,151,"C","LF",,"LF",1,4.00,2.60
2,"2024-12-04","18:00","F",1,151,"C","LF",,"LF",1,4.00,2.60
2,"2024-12-04","18:00","F",1,156,"C","LF",,"LF",1,4.00,2.60
2,"2024-12-04","18:00","F",1,158,"C","LF",,"LF",1,4.00,2.60
2,"2024-12-04","18:00","F",1,167,"C","LF",,"LF",1,4.00,2.60
2,"2024-12-04","18:00","F",1,167,"C","LF",,"LF",1,4.00,2.60
2,"2024-12-04","18:00","F",1,167,"C","LF",,"LF",1,4.00,2.60
2,"2024-12-04","18:00","F",1,175,"C","F",,"LF",1,4.00,2.60
2,"2024-12-04","18:00","F",1,179,"C","F",,"LF",1,4.00,2.60
2,"2024-12-04","18:00","F",1,180,"C","F",,"LF",1,4.00,2.60
2,"2024-12-04","18:00","F",1,180,"C","F",,,1,4.00,2.60
2,"2024-12-04","20:00","F",1,135,"C","LF",,"LF",1,4.00,2.60
2,"2024-12-04","20:00","F",1,140,"C","LF",,"LF",1,4.00,2.60
2,"2024-12-04","20:00","F",1,142,"C","LF",,"LF",1,4.00,2.60
2,"2024-12-04","20:00","F",1,143,"C","LF",,"LF",1,4.00,2.60
2,"2024-12-04","20:00","F",1,147,"C","LF",,"LF",1,4.00,2.60
2,"2024-12-04","20:00","F",1,147,"C","LF",,"LF",1,4.00,2.60
2,"2024-12-04","20:00","F",1,155,"C","LF",,"LF",1,4.00,2.60
2,"2024-12-04","20:00","F",1,158,"C","LF",,"LF",1,4.00,2.60
2,"2024-12-04","20:00","F",1,159,"C","LF",,"LF",1,4.00,2.60
2,"2024-12-04","20:00","F",1,160,"C","LF",,"LF",1,4.00,2.60
2,"2024-12-04","20:00","F",1,160,"C","LF",,,1,4.00,2.60
2,"2024-12-04","20:00","F",1,162,"C","LF",,"LF",1,4.00,2.60
2,"2024-12-04","20:00","F",1,163,"C","LF",,"LF",1,4.00,2.60
2,"2024-12-04","20:00","F",1,165,"C","LF",,"LF",1,4.00,2.60
2,"2024-12-04","20:00","F",1,168,"C","F",,"LF",1,4.00,2.60
2,"2024-12-04","20:00","F",1,179,"C","F",,"LF",1,4.00,2.60
2,"2024-12-04","20:00","F",1,183,"C","F",,"LF",1,4.00,2.60
2,"2024-12-04","22:00","F",1,124,"C","LF",,"LF",1,4.00,2.60
2,"2024-12-04","22:00","F",1,128,"C","LF",,"LF",1,4.00,2.60
2,"2024-12-04","22:00","F",1,130,"C","LF",,"LF",1,4.00,2.60
2,"2024-12-04","22:00","F",1,142,"C","LF",,"LF",1,4.00,2.60
2,"2024-12-04","22:00","F",1,148,"C","LF",,"LF",1,4.00,2.60
2,"2024-12-04","22:00","F",1,179,"C","F",,"LF",1,4.00,2.60
2,"2024-12-04","23:59","F",1,165,"C","LF",,"LF",1,4.00,2.60
2,"2024-12-05","02:00","F",1,169,"C","F",,"LF",1,4.00,2.60
2,"2024-12-05","02:00","F",1,172,"C","F",,"LF",1,4.00,2.60
2,"2024-12-05","02:00","F",1,175,"C","F",,"LF",1,4.00,2.60
2,"2024-12-05","04:00","F",1,130,"C","LF",,"LF",1,4.00,2.60
2,"2024-12-05","04:00","F",1,161,"C","LF",,"LF",1,4.00,2.60
2,"2024-12-05","06:00","F",1,163,"C","LF",,"LF",1,4.00,2.60
2,"2024-12-05","08:00","F",1,121,"C","W",,"LF",1,4.00,2.60
2,"2024-12-05","08:00","F",1,136,"C","LF",,"LF",1,4.00,2.60
2,"2024-12-05","08:00","F",1,137,"C","LF",,"LF",1,4.00,2.60
2,"2024-12-05","08:00","F",1,150,"C","LF",,"LF",1,4.00,2.60
2,"2024-12-05","08:00","F",1,155,"C","LF",,"LF",1,4.00,2.60
2,"2024-12-05","08:00","F",1,159,"C","LF",,"LF",1,4.00,2.60
2,"2024-12-05","08:00","F",1,170,"N","F","F",,1,4.00,2.60
2,"2024-12-05","08:00","F",1,174,"C","F",,"LF",1,4.00,2.60
2,"2024-12-05","08:00","F",1,185,"C","F",,"LF",1,4.00,2.60
2,"2024-12-05","10:00","F",1,124,"C","W",,"LF",1,4.00,2.60
2,"2024-12-05","10:00","F",1,132,"C","LF",,"LF",1,4.00,2.60
2,"2024-12-05","10:00","F",1,140,"C","LF",,"LF",1,4.00,2.60
2,"2024-12-05","10:00","F",1,155,"C","LF",,"LF",1,4.00,2.60
2,"2024-12-05","10:00","F",1,170,"C","F",,"LF",1,4.00,2.60
2,"2024-12-05","12:00","F",1,131,"C","LF",,"LF",1,4.00,2.60
2,"2024-12-05","12:00","F",1,133,"C","LF",,"LF",1,4.00,2.60
2,"2024-12-05","12:00","F",1,134,"C","LF",,"LF",1,4.00,2.60
2,"2024-12-05","12:00","F",1,142,"C","LF",,"LF",1,4.00,2.60
2,"2024-12-05","12:00","F",1,149,"C","LF",,"LF",1,4.00,2.60
2,"2024-12-05","14:00","F",1,146,"C","LF",,"LF",1,4.00,2.60
2,"2024-12-05","14:00","F",1,156,"C","LF",,"LF",1,4.00,2.60
2,"2024-12-05","14:00","F",1,158,"C","LF",,"LF",1,4.00,2.60
2,"2024-12-05","14:00","F",1,172,"C","F",,"LF",1,4.00,2.60
2,"2024-12-05","14:00","F",1,186,"C","F",,"LF",1,4.00,2.60
2,"2024-12-05","18:00","F",1,121,"C","W",,"LF",1,4.00,2.60
2,"2024-12-05","18:00","F",1,136,"N","LF","LF",,1,4.00,2.60
2,"2024-12-05","18:00","F",1,142,"C","LF",,"LF",1,4.00,2.60
2,"2024-12-05","18:00","F",1,143,"C","LF",,"LF",1,4.00,2.60
2,"2024-12-05","18:00","F",1,145,"C","LF",,"LF",1,4.00,2.60
2,"2024-12-05","18:00","F",1,164,"C","LF",,"LF",1,4.00,2.60
2,"2024-12-05","18:00","F",1,167,"C","LF",,"LF",1,4.00,2.60
2,"2024-12-05","18:00","F",1,171,"C","F",,"LF",1,4.00,2.60
2,"2024-12-05","18:00","F",1,179,"C","F",,"LF",1,4.00,2.60
2,"2024-12-05","20:00","F",1,142,"C","LF",,"LF",1,4.00,2.60
2,"2024-12-05","20:00","F",1,145,"C","LF",,"LF",1,4.00,2.60
2,"2024-12-05","20:00","F",1,145,"C","LF",,"LF",1,4.00,2.60
2,"2024-12-05","20:00","F",1,175,"C","F",,"LF",1,4.00,2.60
2,"2024-12-05","22:00","F",1,136,"C","LF",,"LF",1,4.00,2.60
2,"2024-12-05","22:00","F",1,137,"C","LF",,"LF",1,4.00,2.60
2,"2024-12-05","22:00","F",1,143,"C","LF",,"LF",1,4.00,2.60
2,"2024-12-05","22:00","F",1,145,"N","LF","LF",,1,4.00,2.60
2,"2024-12-05","22:00","F",1,148,"C","LF",,"LF",1,4.00,2.60
2,"2024-12-05","22:00","F",1,154,"C","LF",,"LF",1,4.00,2.60
2,"2024-12-05","22:00","F",1,158,"C","LF",,"LF",1,4.00,2.60
2,"2024-12-05","22:00","F",1,159,"C","LF",,"LF",1,4.00,2.60
2,"2024-12-05","22:00","F",1,178,"C","F",,"LF",1,4.00,2.60
2,"2024-12-05","22:00","F",1,183,"C","F",,"LF",1,4.00,2.60
2,"2024-12-05","23:59","F",1,107,"C","W",,"LF",1,4.00,2.60
2,"2024-12-05","23:59","F",1,144,"C","LF",,"LF",1,4.00,2.60
2,"2024-12-05","23:59","F",1,146,"C","LF",,"LF",1,4.00,2.60
2,"2024-12-05","23:59","F",1,149,"N","LF","LF",,1,4.00,2.60
2,"2024-12-05","23:59","F",1,154,"C","LF",,"LF",1,4.00,2.60
2,"2024-12-05","23:59","F",1,156,"C","LF",,,1,4.00,2.60
2,"2024-12-05","23:59","F",1,173,"C","F",,"LF",1,4.00,2.60
2,"2024-12-05","23:59","F",1,177,"N","F","LF",,1,4.00,2.60
2,"2024-12-06","02:00","F",1,128,"C","LF",,"LF",1,4.00,2.60
2,"2024-12-06","02:00","F",1,147,"C","LF",,"LF",1,4.00,2.60
2,"2024-12-06","04:00","F",1,146,"C","LF",,"LF",1,4.00,2.60
2,"2024-12-06","04:00","F",1,160,"C","LF",,"LF",1,4.00,2.60
2,"2024-12-06","04:00","F",1,178,"C","F",,"LF",1,4.00,2.60
2,"2024-12-06","06:00","F",1,155,"C","LF",,"LF",1,4.00,2.60
2,"2024-12-06","06:00","F",1,167,"C","LF",,"LF",1,4.00,2.60
2,"2024-12-06","06:00","F",1,168,"C","LF",,"LF",1,4.00,2.60
2,"2024-12-06","08:00","F",1,137,"C","LF",,"LF",1,4.00,2.60
1,"2024-12-06","09:00","NS",1,175,"C","F",,"LF",1,4.00,16.90
2,"2024-12-06","10:00","F",1,162,"C","LF",,"LF",1,4.00,2.60
2,"2024-12-06","12:00","F",1,135,"C","LF",,"LF",1,4.00,2.60
2,"2024-12-06","12:00","F",1,145,"C","LF",,"LF",1,4.00,2.60
2,"2024-12-06","12:00","F",1,146,"C","LF",,"LF",1,4.00,2.60
2,"2024-12-06","12:00","F",1,170,"C","F",,"LF",1,4.00,2.60
2,"2024-12-06","12:00","F",1,180,"C","F",,"LF",1,4.00,2.60
2,"2024-12-06","14:00","F",1,127,"C","LF",,"LF",1,4.00,2.60
2,"2024-12-06","14:00","F",1,127,"C","LF",,"LF",1,4.00,2.60
2,"2024-12-06","14:00","F",1,130,"C","LF",,"LF",1,4.00,2.60
2,"2024-12-06","14:00","F",1,146,"C","LF",,"LF",1,4.00,2.60
2,"2024-12-06","14:00","F",1,150,"C","LF",,"LF",1,4.00,2.60
2,"2024-12-06","14:00","F",1,158,"C","LF",,"LF",1,4.00,2.60
2,"2024-12-06","14:00","F",1,161,"C","LF",,"LF",1,4.00,2.60
2,"2024-12-06","14:00","F",1,165,"C","LF",,"LF",1,4.00,2.60
2,"2024-12-06","14:00","F",1,165,"C","LF",,"LF",1,4.00,2.60
2,"2024-12-06","14:00","F",1,171,"C","F",,"LF",1,4.00,2.60
2,"2024-12-06","14:00","F",1,179,"C","F",,"LF",1,4.00,2.60
2,"2024-12-06","14:00","F",1,182,"C","F",,"LF",1,4.00,2.60
2,"2024-12-06","14:00","F",1,184,"C","F",,"LF",1,4.00,2.60
2,"2024-12-06","18:00","F",1,146,"C","LF",,"LF",1,4.00,2.60
2,"2024-12-06","18:00","F",1,152,"C","LF",,"LF",1,4.00,2.60
2,"2024-12-06","18:00","F",1,152,"C","LF",,"LF",1,4.00,2.60
2,"2024-12-06","18:00","F",1,166,"C","LF",,,1,4.00,2.60
2,"2024-12-06","18:00","F",1,170,"C","F",,"LF",1,4.00,2.60
2,"2024-12-06","18:00","F",1,189,"C","F",,"LF",1,4.00,2.60
2,"2024-12-06","20:00","F",1,135,"C","LF",,"LF",1,4.00,2.60
2,"2024-12-06","20:00","F",1,137,"C","LF",,"LF",1,4.00,2.60
2,"2024-12-06","20:00","F",1,141,"C","LF",,"LF",1,4.00,2.60
2,"2024-12-06","20:00","F",1,143,"C","LF",,"LF",1,4.00,2.60
2,"2024-12-06","20:00","F",1,155,"C","LF",,"LF",1,4.00,2.60
2,"2024-12-06","20:00","F",1,160,"C","LF",,"LF",1,4.00,2.60
2,"2024-12-06","20:00","F",1,173,"C","F",,"LF",1,4.00,2.60
2,"2024-12-06","20:00","F",1,175,"C","F",,"LF",1,4.00,2.60
2,"2024-12-06","22:00","F",1,113,"C","W",,"LF",1,4.00,2.60
2,"2024-12-06","22:00","F",1,133,"C","LF",,"LF",1,4.00,2.60
2,"2024-12-06","22:00","F",1,147,"C","LF",,"LF",1,4.00,2.60
2,"2024-12-06","22:00","F",1,151,"C","LF",,"LF",1,4.00,2.60
2,"2024-12-06","22:00","F",1,173,"C","F",,"LF",1,4.00,2.60
2,"2024-12-06","22:00","F",1,176,"C","F",,"LF",1,4.00,2.60
2,"2024-12-06","23:59","F",1,142,"C","LF",,,1,4.00,2.60
2,"2024-12-06","23:59","F",1,147,"C","LF",,"LF",1,4.00,2.60
2,"2024-12-06","23:59","F",1,167,"C","LF",,"LF",1,4.00,2.60
2,"2024-12-06","23:59","F",1,168,"C","LF",,"LF",1,4.00,2.60
2,"2024-12-07","02:00","F",1,106,"C","W",,"LF",1,4.00,2.60
2,"2024-12-07","02:00","F",1,132,"C","LF",,"LF",1,4.00,2.60
2,"2024-12-07","02:00","F",1,139,"C","LF",,"LF",1,4.00,2.60
2,"2024-12-07","02:00","F",1,141,"C","LF",,"LF",1,4.00,2.60
2,"2024-12-07","02:00","F",1,142,"C","LF",,"LF",1,4.00,2.60
2,"2024-12-07","02:00","F",1,147,"C","LF",,"LF",1,4.00,2.60
2,"2024-12-07","02:00","F",1,170,"C","LF",,"LF",1,4.00,2.60
2,"2024-12-07","04:00","F",1,188,"C","F",,"LF",1,4.00,2.60
2,"2024-12-07","12:00","F",1,135,"C","LF",,"LF",1,4.00,2.60
2,"2024-12-07","12:00","F",1,152,"C","LF",,"LF",1,4.00,2.60
2,"2024-12-07","14:00","F",1,115,"C","W",,"LF",1,4.00,2.60
2,"2024-12-07","14:00","F",1,117,"C","W",,"LF",1,4.00,2.60
2,"2024-12-07","14:00","F",1,123,"N","W","F",,1,4.00,2.60
2,"2024-12-07","14:00","F",1,130,"C","LF",,"LF",1,4.00,2.60
2,"2024-12-07","14:00","F",1,150,"C","LF",,"LF",1,4.00,2.60
2,"2024-12-07","16:00","F",1,134,"C","LF",,"LF",1,4.00,2.60
2,"2024-12-07","16:00","F",1,137,"C","LF",,"LF",1,4.00,2.60
2,"2024-12-07","16:00","F",1,139,"C","LF",,"LF",1,4.00,2.60
2,"2024-12-07","16:00","F",1,155,"C","LF",,"LF",1,4.00,2.60
2,"2024-12-07","16:00","F",1,167,"C","LF",,"LF",1,4.00,2.60
2,"2024-12-07","18:00","F",1,145,"C","LF",,"LF",1,4.00,2.60
2,"2024-12-07","18:00","F",1,158,"C","LF",,"LF",1,4.00,2.60
2,"2024-12-07","18:00","F",1,164,"C","LF",,"LF",1,4.00,2.60
2,"2024-12-07","20:00","F",1,110,"C","W",,"LF",1,4.00,2.60
2,"2024-12-07","20:00","F",1,141,"C","LF",,"LF",1,4.00,2.60
2,"2024-12-07","20:00","F",1,153,"C","LF",,"LF",1,4.00,2.60
2,"2024-12-07","22:00","F",1,134,"C","LF",,"LF",1,4.00,2.60
2,"2024-12-07","22:00","F",1,135,"C","LF",,"LF",1,4.00,2.60
2,"2024-12-07","22:00","F",1,147,"C","LF",,"LF",1,4.00,2.60
2,"2024-12-07","23:59","F",1,135,"C","LF",,"LF",1,4.00,2.60
2,"2024-12-07","23:59","F",1,140,"C","LF",,"LF",1,4.00,2.60
2,"2024-12-07","23:59","F",1,145,"C","LF",,"LF",1,4.00,2.60
2,"2024-12-07","23:59","F",1,148,"C","LF",,"LF",1,4.00,2.60
2,"2024-12-07","23:59","F",1,150,"C","LF",,"LF",1,4.00,2.60
2,"2024-12-07","23:59","F",1,158,"C","LF",,"LF",1,4.00,2.60
2,"2024-12-07","23:59","F",1,168,"C","LF",,"LF",1,4.00,2.60
2,"2024-12-07","23:59","F",1,173,"C","F",,"LF",1,4.00,2.60
2,"2024-12-07","23:59","F",1,181,"C","F",,"LF",1,4.00,2.60
2,"2024-12-08","02:00","F",1,155,"C","LF",,"LF",1,4.00,2.60
2,"2024-12-08","02:00","F",1,167,"C","LF",,"LF",1,4.00,2.60
2,"2024-12-08","02:00","F",1,176,"C","F",,"LF",1,4.00,2.60
2,"2024-12-08","08:00","F",1,141,"C","LF",,"LF",1,4.00,2.60
2,"2024-12-08","10:00","F",1,150,"C","LF",,"LF",1,4.00,2.60
2,"2024-12-08","12:00","F",1,132,"C","LF",,"LF",1,4.00,2.60
2,"2024-12-08","14:00","F",1,138,"C","LF",,"LF",1,4.00,2.60
2,"2024-12-08","14:00","F",1,165,"C","LF",,"LF",1,4.00,2.60
2,"2024-12-08","16:00","F",1,132,"C","LF",,"LF",1,4.00,2.60
2,"2024-12-08","16:00","F",1,150,"C","LF",,"LF",1,4.00,2.60
2,"2024-12-08","16:00","F",1,161,"C","LF",,"LF",1,4.00,2.60
2,"2024-12-08","20:00","F",1,174,"C","F",,"LF",1,4.00,2.60
2,"2024-12-08","23:59","F",1,125,"C","W",,"LF",1,4.00,2.60
2,"2024-12-08","23:59","F",1,133,"C","LF",,"LF",1,4.00,2.60
2,"2024-12-08","23:59","F",1,138,"C","LF",,"LF",1,4.00,2.60
2,"2024-12-08","23:59","F",1,139,"C","LF",,"LF",1,4.00,2.60
2,"2024-12-08","23:59","F",1,143,"C","LF",,"LF",1,4.00,2.60
2,"2024-12-08","23:59","F",1,164,"C","LF",,"LF",1,4.00,2.60
2,"2024-12-09","02:00","F",1,139,"C","LF",,"LF",1,4.00,2.60
2,"2024-12-09","02:00","F",1,153,"C","LF",,"LF",1,4.00,2.60
2,"2024-12-09","06:00","F",1,138,"C","LF",,"LF",1,4.00,2.60
1,"2024-12-09","09:00","NS",1,146,"C","LF",,"LF",1,4.00,17.00
1,"2024-12-09","13:00","OS",1,154,"C","LF",,"LF",1,4.00,17.21
2,"2024-12-09","14:00","F",1,155,"C","LF",,"LF",1,4.00,2.60
2,"2024-12-09","18:00","F",1,129,"C","LF",,"LF",1,4.00,2.60
2,"2024-12-09","22:00","F",1,160,"C","LF",,"LF",1,4.00,2.60
2,"2024-12-09","22:00","F",1,175,"C","F",,"LF",1,4.00,2.60
2,"2024-12-09","23:59","F",1,115,"C","W",,"LF",1,4.00,2.60
2,"2024-12-09","23:59","F",1,131,"C","LF",,"LF",1,4.00,2.60
2,"2024-12-09","23:59","F",1,180,"C","F",,"LF",1,4.00,2.60
2,"2024-12-10","04:00","F",1,143,"C","LF",,"LF",1,4.00,2.60
2,"2024-12-10","04:00","F",1,200,"C","F",,"LF",1,4.00,2.60
1,"2024-12-10","07:30","OS",1,151,"C","LF",,"LF",1,1.00,4.33
1,"2024-12-10","07:30","OS",1,182,"C","F",,"LF",1,1.00,4.33
1,"2024-12-10","08:30","NS",1,179,"C","F",,"LF",1,1.00,4.33
2,"2024-12-10","12:00","F",1,169,"C","LF",,"LF",1,4.00,2.60
2,"2024-12-10","14:00","F",1,136,"C","LF",,"LF",1,4.00,2.60
2,"2024-12-10","14:00","F",1,142,"C","LF",,"LF",1,4.00,2.60
2,"2024-12-10","18:00","F",1,140,"C","LF",,"LF",1,4.00,2.60
2,"2024-12-10","18:00","F",1,160,"C","LF",,"LF",1,4.00,2.60
2,"2024-12-10","18:00","F",1,172,"C","LF",,"LF",1,4.00,2.60
2,"2024-12-10","20:00","F",1,163,"C","LF",,"LF",1,4.00,2.60
2,"2024-12-10","23:59","F",1,135,"C","LF",,"LF",1,4.00,2.60
2,"2024-12-10","23:59","F",1,153,"C","LF",,"LF",1,4.00,2.60
2,"2024-12-11","02:00","F",1,166,"C","LF",,"LF",1,4.00,2.60
2,"2024-12-11","08:00","F",1,161,"C","LF",,"LF",1,4.00,2.60
1,"2024-12-11","09:00","NS",1,132,"C","LF",,"LF",1,4.00,17.04
2,"2024-12-11","12:00","F",1,167,"C","LF",,"LF",1,4.00,2.88
2,"2024-12-11","12:00","F",1,187,"C","F",,"LF",1,4.00,2.88
2,"2024-12-11","14:00","F",1,135,"C","LF",,,1,4.00,2.88
2,"2024-12-11","18:00","F",1,127,"C","W",,"LF",1,4.00,2.88
2,"2024-12-11","18:00","F",1,150,"C","LF",,"LF",1,4.00,2.88
2,"2024-12-11","20:00","F",1,162,"C","LF",,"LF",1,4.00,2.88
1,"2024-12-12","08:05","NS",1,165,"C","LF",,"LF",1,1.00,4.33
2,"2024-12-12","14:00","F",1,131,"C","W",,"LF",1,4.00,2.88
2,"2024-12-12","22:00","F",1,137,"C","LF",,"LF",1,4.00,2.88
2,"2024-12-12","22:00","F",1,158,"C","LF",,"LF",1,4.00,2.88
1,"2024-12-13","09:00","NS",1,180,"C","F",,"LF",1,4.00,17.04
2,"2024-12-14","16:00","F",1,146,"C","LF",,,1,4.00,2.88
2,"2024-12-14","16:00","F",1,162,"C","LF",,"LF",1,4.00,2.88
2,"2024-12-15","10:00","F",1,190,"C","F",,"LF",1,4.00,2.88
2,"2024-12-15","18:00","F",1,152,"C","LF",,"LF",1,4.00,2.88
2,"2024-12-15","22:00","F",1,138,"C","LF",,"LF",1,4.00,2.88
2,"2024-12-15","22:00","F",1,147,"C","LF",,"LF",1,4.00,2.88
2,"2024-12-16","08:00","F",1,141,"C","LF",,"LF",1,4.00,2.88
2,"2024-12-16","10:00","F",1,155,"C","LF",,"LF",1,4.00,2.88
2,"2024-12-16","14:00","F",1,123,"C","W",,,1,4.00,2.88
2,"2024-12-17","02:00","F",1,140,"C","LF",,"LF",1,4.00,2.88
1,"2024-12-17","07:25","OS",1,160,"C","LF",,"LF",1,1.00,4.33
2,"2024-12-17","08:00","F",1,139,"C","LF",,"LF",1,4.00,2.88
2,"2024-12-17","10:00","F",1,118,"N","W","F",,1,4.00,2.88
1,"2024-12-17","13:00","NS",1,169,"C","LF",,"LF",1,2.00,8.77
2,"2024-12-17","14:00","F",1,132,"C","W",,"LF",1,4.00,2.88
2,"2024-12-18","02:00","F",1,162,"C","LF",,"LF",1,4.00,2.88
1,"2024-12-18","07:00","OS",1,161,"C","LF",,"LF",1,4.00,16.98
2,"2024-12-18","10:00","F",1,177,"C","LF",,"S",1,4.00,2.88
2,"2024-12-22","10:00","F",1,177,"C","LF",,"LF",1,4.00,3.52
2,"2024-12-25","08:00","F",1,145,"C","W",,"LF",1,4.00,3.52
2,"2024-12-25","16:00","F",1,133,"C","W",,"LF",1,4.00,3.52
1,"2024-12-27","13:00","OS",1,176,"C","LF",,"S",1,4.00,17.52
1,"2024-12-27","13:00","OS",1,182,"C","LF",,"LF",1,4.00,17.52
1,"2024-12-27","13:30","OS",1,132,"C","W",,"LF",1,1.00,4.33
1,"2024-12-27","13:30","OS",1,165,"C","LF",,"S",1,1.00,4.33
1,"2024-12-28","13:30","NS",1,172,"C","LF",,"S",1,1.00,4.33
1,"2025-01-02","15:30","NS",1,184,"C","LF",,"LF",1,1.00,4.33
2,"2025-01-02","18:00","F",1,178,"C","LF",,"S",1,4.00,2.60
2,"2025-01-02","18:00","F",1,190,"C","LF",,"S",1,4.00,2.60
2,"2025-01-02","20:00","F",1,134,"N","W","F",,1,4.00,2.60
2,"2025-01-02","23:59","F",1,175,"C","LF",,"LF",1,4.00,2.60
2,"2025-01-03","06:00","F",1,176,"C","LF",,"S",1,4.00,2.60
1,"2025-01-03","15:30","OS",1,173,"C","LF",,"LF",1,1.00,4.33
2,"2025-01-03","18:00","F",1,145,"C","W",,"LF",1,4.00,2.60
2,"2025-01-03","18:00","F",1,188,"C","LF",,"S",1,4.00,2.60
2,"2025-01-03","23:59","F",1,174,"C","LF",,"LF",1,4.00,2.60
2,"2025-01-03","23:59","F",1,188,"C","LF",,"S",1,4.00,2.60
2,"2025-01-04","06:00","F",1,191,"C","LF",,"LF",1,4.00,2.60
2,"2025-01-04","18:00","F",1,181,"C","LF",,"S",1,4.00,2.60
1,"2025-01-05","14:30","NS",1,170,"C","LF",,"S",1,1.00,4.33
2,"2025-01-05","18:00","F",1,170,"C","LF",,"LF",1,4.00,2.60
2,"2025-01-05","22:00","F",1,167,"C","LF",,"S",1,4.00,2.60
2,"2025-01-05","22:00","F",1,171,"C","LF",,"LF",1,4.00,2.60
2,"2025-01-05","23:59","F",1,174,"C","LF",,"S",1,4.00,2.60
2,"2025-01-06","12:00","F",1,169,"C","LF",,"LF",1,4.00,2.60
1,"2025-01-06","15:30","OS",1,130,"C","W",,"LF",1,1.00,4.33
2,"2025-01-07","14:00","F",1,129,"C","W",,"LF",1,4.00,2.60
1,"2025-01-08","16:30","OS",1,141,"C","W",,"LF",1,1.00,4.33
1,"2025-01-08","16:30","OS",1,148,"C","W",,"LF",1,1.00,4.33
1,"2025-01-08","16:30","OS",1,164,"C","W",,"LF",1,1.00,4.33
2,"2025-01-10","02:00","F",1,172,"C","LF",,"LF",1,4.00,2.60
1,"2025-01-11","16:30","OS",1,148,"C","W",,"LF",1,1.00,4.33
1,"2025-01-11","16:30","OS",1,165,"C","W",,"S",1,1.00,4.33
1,"2025-01-12","09:00","NS",1,150,"C","W",,"LF",1,4.00,17.64
1,"2025-01-12","09:00","NS",1,166,"C","W",,"LF",1,4.00,17.64
2,"2025-01-12","20:00","F",1,163,"C","W",,"LF",1,4.00,2.60
2,"2025-01-12","22:00","F",1,185,"C","LF",,"LF",1,4.00,2.60
2,"2025-01-15","23:59","F",1,163,"C","W",,"LF",1,4.00,2.88
2,"2025-01-16","16:00","F",1,92,"N","W","W",,1,4.00,2.54
2,"2025-01-17","20:00","F",1,171,"C","W",,"LF",1,4.00,2.88
2,"2025-01-17","20:00","F",1,185,"C","LF",,"S",1,4.00,2.88
1,"2025-01-19","07:00","OS",1,171,"N","W","F",,1,2.00,8.80
1,"2025-01-19","16:30","OS",1,166,"C","W",,"LF",1,1.00,4.33
1,"2025-01-19","16:30","OS",1,188,"C","LF",,,1,1.00,4.33
2,"2025-01-30","02:00","F",1,147,"C","W",,"LF",1,4.00,2.88
2,"2025-01-31","20:00","F",1,208,"C","LF",,"LF",1,4.00,2.88
2,"2025-01-31","22:00","F",1,160,"C","W",,"LF",1,4.00,2.88
1,"2025-02-05","11:00","NS",1,177,"N","W","F",,1,4.00,17.18
2,"2025-02-08","10:00","F",1,118,"N","W","W",,1,4.00,2.60
2,"2025-02-09","20:00","F",1,187,"C","W",,"LF",1,4.00,2.60
1,"2025-02-10","13:00","NS",1,175,"C","W",,,1,4.00,17.57
1,"2025-02-10","16:30","NS",1,138,"C","W",,"LF",1,1.00,4.33
1,"2025-02-11","09:00","NS",1,164,"C","W",,"LF",1,4.00,17.64
2,"2025-02-16","02:00","F",1,187,"C","W",,"LF",1,4.00,2.60
2,"2025-02-17","06:00","F",1,183,"C","W",,"S",1,4.00,2.60
2,"2025-02-18","18:00","F",1,33,"N","F","F",,1,4.00,2.54
2,"2025-02-18","18:00","F",1,36,"N","F","F",,1,4.00,2.54
2,"2025-02-18","18:00","F",1,37,"N","F","F",,1,4.00,2.54
2,"2025-02-18","18:00","F",1,37,"N","F","F",,1,4.00,2.54
2,"2025-02-18","20:00","F",1,35,"N","F","F",,1,4.00,2.54
2,"2025-02-18","20:00","F",1,36,"N","F","F",,1,4.00,2.54
2,"2025-02-18","20:00","F",1,36,"N","F","F",,1,4.00,2.54
2,"2025-02-18","20:00","F",1,36,"N","F","F",,1,4.00,2.54
2,"2025-02-18","20:00","F",1,37,"N","F","F",,1,4.00,2.54
2,"2025-02-18","20:00","F",1,37,"N","F","F",,1,4.00,2.54
2,"2025-02-18","20:00","F",1,37,"N","F","F",,1,4.00,2.54
2,"2025-02-18","20:00","F",1,38,"N","F","F",,1,4.00,2.54
2,"2025-02-18","20:00","F",1,38,"N","F","F",,1,4.00,2.54
2,"2025-02-18","20:00","F",1,38,"N","F","F",,1,4.00,2.54
2,"2025-02-18","20:00","F",1,39,"N","F","F",,1,4.00,2.54
2,"2025-02-18","20:00","F",1,39,"N","F","F",,1,4.00,2.54
2,"2025-02-18","20:00","F",1,40,"N","F","F",,1,4.00,2.54
2,"2025-02-18","20:00","F",1,42,"N","F","F",,1,4.00,2.54
2,"2025-02-18","22:00","F",1,38,"N","F","F",,1,4.00,2.54
2,"2025-02-19","04:00","F",1,35,"N","F","F",,1,4.00,2.54
2,"2025-02-19","04:00","F",1,36,"N","F","F",,1,4.00,2.54
2,"2025-02-19","04:00","F",1,36,"N","F","F",,1,4.00,2.54
2,"2025-02-19","06:00","F",1,35,"N","F","F",,1,4.00,2.54
2,"2025-02-19","06:00","F",1,35,"N","F","F",,1,4.00,2.54
2,"2025-02-19","06:00","F",1,36,"N","F","F",,1,4.00,2.54
2,"2025-02-19","08:00","F",1,37,"N","F","F",,1,4.00,2.54
2,"2025-02-19","08:00","F",1,37,"N","F","F",,1,4.00,2.54
2,"2025-02-19","08:00","F",1,38,"N","F","F",,1,4.00,2.54
1,"2025-02-19","11:00","NS",1,189,"C","W",,"S",1,4.00,17.15
1,"2025-02-19","15:00","NS",1,157,"N","W","F",,1,4.00,17.25
2,"2025-02-19","18:00","F",1,36,"N","F","F",,1,4.00,2.54
2,"2025-02-19","18:00","F",1,37,"N","F","F",,1,4.00,2.54
2,"2025-02-19","18:00","F",1,39,"N","F","F",,1,4.00,2.54
2,"2025-02-19","18:00","F",1,41,"N","F","F",,1,4.00,2.54
2,"2025-02-19","20:00","F",1,36,"N","F","F",,1,4.00,2.54
2,"2025-02-19","20:00","F",1,37,"N","F","F",,1,4.00,2.54
2,"2025-02-19","22:00","F",1,37,"N","F","F",,1,4.00,2.54
2,"2025-02-19","22:00","F",1,38,"N","F","F",,1,4.00,2.54
2,"2025-02-19","22:00","F",1,39,"N","F","F",,1,4.00,2.54
2,"2025-02-19","22:00","F",1,39,"N","F","F",,1,4.00,2.54
2,"2025-02-19","22:00","F",1,40,"N","F","F",,1,4.00,2.54
2,"2025-02-19","23:59","F",1,40,"N","F","F",,1,4.00,2.54
2,"2025-02-20","02:00","F",1,35,"N","F","F",,1,4.00,2.54
2,"2025-02-20","02:00","F",1,39,"N","F","F",,1,4.00,2.54
2,"2025-02-20","04:00","F",1,36,"N","F","F",,1,4.00,2.54
2,"2025-02-20","04:00","F",1,38,"N","F","F",,1,4.00,2.54
2,"2025-02-20","04:00","F",1,38,"N","F","F",,1,4.00,2.54
2,"2025-02-20","04:00","F",1,38,"N","F",,,1,4.00,2.54
2,"2025-02-20","04:00","F",1,40,"N","F","F",,1,4.00,2.54
2,"2025-02-20","10:00","F",1,39,"N","F","F",,1,4.00,2.33
2,"2025-02-20","20:00","F",1,35,"N","F","F",,1,4.00,2.33
2,"2025-02-20","20:00","F",1,39,"N","F","F",,1,4.00,2.33
2,"2025-02-20","20:00","F",1,40,"N","F","F",,1,4.00,2.33
2,"2025-02-20","20:00","F",1,40,"N","F","F",,1,4.00,2.33
2,"2025-02-20","22:00","F",1,33,"N","F","F",,1,4.00,2.33
2,"2025-02-20","22:00","F",1,34,"N","F","F",,1,4.00,2.33
2,"2025-02-20","22:00","F",1,37,"N","F","F",,1,4.00,2.33
2,"2025-02-20","22:00","F",1,38,"N","F","F",,1,4.00,2.33
2,"2025-02-20","22:00","F",1,39,"N","F","F",,1,4.00,2.33
2,"2025-02-20","22:00","F",1,39,"N","F","F",,1,4.00,2.33
2,"2025-02-20","22:00","F",1,41,"N","F","F",,1,4.00,2.33
2,"2025-02-20","22:00","F",1,226,"C","W",,"S",1,4.00,2.60
2,"2025-02-20","23:59","F",1,35,"N","F",,,1,4.00,2.33
2,"2025-02-20","23:59","F",1,39,"N","F",,,1,4.00,2.33
2,"2025-02-20","23:59","F",1,39,"N","F","F",,1,4.00,2.33
2,"2025-02-20","23:59","F",1,39,"N","F","F",,1,4.00,2.33
2,"2025-02-21","02:00","F",1,36,"N","F","F",,1,4.00,2.33
2,"2025-02-21","14:00","F",1,37,"N","F","F",,1,4.00,2.33
2,"2025-02-21","16:00","F",1,39,"N","F","F",,1,4.00,2.33
2,"2025-02-21","18:00","F",1,38,"N","F","F",,1,4.00,2.33
2,"2025-02-21","18:00","F",1,39,"N","F","F",,1,4.00,2.33
2,"2025-02-21","20:00","F",1,37,"N","F","F",,1,4.00,2.33
2,"2025-02-21","20:00","F",1,38,"N","F","F",,1,4.00,2.33
2,"2025-02-21","20:00","F",1,40,"N","F","F",,1,4.00,2.33
2,"2025-02-21","22:00","F",1,34,"N","F","F",,1,3.50,2.03
2,"2025-02-21","22:00","F",1,34,"N","F","F",,1,3.50,2.03
2,"2025-02-21","22:00","F",1,36,"N","F","F",,1,3.50,2.03
2,"2025-02-21","22:00","F",1,36,"N","F","F",,1,3.50,2.03
2,"2025-02-21","22:00","F",1,37,"N","F","F",,1,3.50,2.03
2,"2025-02-21","22:00","F",1,37,"N","F","F",,1,3.50,2.03
2,"2025-02-21","22:00","F",1,38,"N","F","F",,1,3.50,2.03
2,"2025-02-21","22:00","F",1,38,"N","F","F",,1,3.50,2.03
2,"2025-02-21","22:00","F",1,38,"N","F","F",,1,3.50,2.03
2,"2025-02-21","23:59","F",1,147,"N","W","F",,1,1.33,0.87
2,"2025-02-21","23:59","F",1,183,"C","W",,"LF",1,1.33,0.87
2,"2025-02-22","02:00","F",1,37,"N","F","F",,1,4.00,2.33
2,"2025-02-22","02:00","F",1,39,"N","F","F",,1,4.00,2.33
2,"2025-02-22","02:00","F",1,41,"N","F","F",,1,4.00,2.33
2,"2025-02-22","04:00","F",1,43,"N","F","F",,1,4.00,2.33
2,"2025-02-22","04:00","F",1,61,"N","S","F",,1,4.00,2.33
2,"2025-02-22","04:00","F",1,198,"C","W",,"S",1,4.00,2.60
2,"2025-02-22","06:00","F",1,36,"N","F","F",,1,4.00,2.33
2,"2025-02-22","06:00","F",1,42,"N","F","F",,1,4.00,2.33
2,"2025-02-22","12:00","F",1,193,"C","W",,"S",1,4.00,2.60
2,"2025-02-22","20:00","F",1,41,"N","F",,,1,4.00,2.33
2,"2025-02-22","20:00","F",1,42,"N","F",,,1,4.00,2.33
2,"2025-02-22","22:00","F",1,38,"N","F",,,1,4.00,2.33
2,"2025-02-22","23:59","F",1,38,"N","F",,,1,4.00,2.33
2,"2025-02-22","23:59","F",1,39,"N","F",,,1,4.00,2.33
2,"2025-02-22","23:59","F",1,41,"N","F",,,1,4.00,2.33
2,"2025-02-22","23:59","F",1,41,"N","F",,,1,4.00,2.33
2,"2025-02-22","23:59","F",1,41,"N","F",,,1,4.00,2.33
2,"2025-02-22","23:59","F",1,42,"N","F",,,1,4.00,2.33
2,"2025-02-22","23:59","F",1,43,"N","F",,,1,4.00,2.33
2,"2025-02-23","02:00","F",1,39,"N","F",,,1,4.00,2.33
2,"2025-02-23","02:00","F",1,39,"N","F",,,1,4.00,2.33
2,"2025-02-23","04:00","F",1,38,"N","F",,,1,4.00,2.33
2,"2025-02-23","06:00","F",1,40,"N","F",,,1,4.00,2.33
2,"2025-02-23","06:00","F",1,41,"N","F",,,1,4.00,2.33
2,"2025-02-23","06:00","F",1,67,"N","S","F",,1,4.00,2.33
2,"2025-02-23","14:00","F",1,138,"C","W",,"S",1,4.00,2.60
2,"2025-02-23","22:00","F",1,38,"N","F",,,1,4.00,2.33
2,"2025-02-23","22:00","F",1,38,"N","F",,,1,4.00,2.33
2,"2025-02-23","22:00","F",1,41,"N","F",,,1,4.00,2.33
2,"2025-02-23","23:59","F",1,37,"N","F",,,1,4.00,2.33
2,"2025-02-23","23:59","F",1,41,"N","F",,,1,4.00,2.33
2,"2025-02-24","02:00","F",1,38,"N","F",,,1,4.00,2.33
2,"2025-02-24","02:00","F",1,38,"N","F",,,1,4.00,2.33
2,"2025-02-24","02:00","F",1,44,"N","F",,,1,4.00,2.33
2,"2025-02-24","02:00","F",1,44,"N","F",,,1,4.00,2.33
2,"2025-02-25","02:00","F",1,45,"N","F",,,1,4.00,2.33
2,"2025-02-25","06:00","F",1,37,"N","F",,,1,4.00,2.33
2,"2025-02-25","06:00","F",1,38,"N","F",,,1,4.00,2.33
2,"2025-02-25","12:00","F",1,36,"N","F",,,1,4.00,2.33
2,"2025-02-25","12:00","F",1,42,"N","F",,,1,4.00,2.33
2,"2025-02-25","14:00","F",1,126,"N","W","W",,1,4.00,2.60
2,"2025-02-25","20:00","F",1,49,"N","F",,,1,4.00,2.33
2,"2025-02-25","22:00","F",1,39,"N","F",,,1,4.00,2.33
2,"2025-02-25","22:00","F",1,47,"N","F",,,1,4.00,2.33
2,"2025-02-25","22:00","F",1,48,"N","F",,,1,4.00,2.33
2,"2025-02-25","22:00","F",1,63,"N","S","F",,1,4.00,2.33
2,"2025-02-25","22:00","F",1,69,"N","S","S",,1,4.00,2.33
2,"2025-02-26","18:00","F",1,50,"N","F",,,1,4.00,2.33
2,"2025-02-26","20:00","F",1,41,"N","F",,,1,4.00,2.33
2,"2025-02-26","20:00","F",1,45,"N","F",,,1,4.00,2.33
2,"2025-02-27","04:00","F",1,40,"N","F",,,1,4.00,2.33
2,"2025-02-27","04:00","F",1,42,"N","F",,,1,4.00,2.33
2,"2025-02-27","06:00","F",1,45,"N","F",,,1,4.00,2.33
2,"2025-02-27","16:00","F",1,44,"N","F",,,1,4.00,2.33
2,"2025-02-27","20:00","F",1,49,"N","F",,,1,4.00,2.33
2,"2025-02-27","22:00","F",1,41,"N","F",,,1,4.00,2.33
2,"2025-02-27","22:00","F",1,44,"N","F",,,1,4.00,2.33
2,"2025-02-28","06:00","F",1,43,"N","F",,,1,4.00,2.33
2,"2025-02-28","06:00","F",1,45,"N","F",,,1,4.00,2.33
2,"2025-02-28","14:00","F",1,86,"C","S",,"S",1,24.00,13.95
2,"2025-03-01","06:00","F",1,99,"C","W",,"S",1,4.00,2.33
2,"2025-03-01","06:00","F",1,100,"C","W",,"S",1,4.00,2.33
2,"2025-03-01","14:00","F",1,93,"C","S",,"S",1,4.00,2.33
1,"2025-03-01","15:00","NS",1,225,"C","W",,"S",1,4.00,17.57
2,"2025-03-01","16:00","F",1,59,"C","F",,"S",1,4.00,2.33
2,"2025-03-02","04:00","F",1,96,"C","W",,"S",1,4.00,2.33
2,"2025-03-02","06:00","F",1,81,"C","S",,"S",1,4.00,2.33
2,"2025-03-02","06:00","F",1,154,"C","W",,"LF",1,4.00,2.60
1,"2025-03-02","11:00","NS",1,184,"C","W",,"S",1,4.00,17.64
2,"2025-03-02","12:00","F",1,104,"C","W",,"S",1,4.00,2.60
2,"2025-03-02","18:00","F",1,178,"C","W",,"LF",1,4.00,2.60
2,"2025-03-02","18:00","F",1,198,"C","W",,"S",1,4.00,2.60
1,"2025-03-02","18:30","NS",1,234,"C","W",,"S",1,1.00,4.33
2,"2025-03-02","23:59","F",1,131,"N","W","F",,1,4.00,2.60
2,"2025-03-03","06:00","F",1,161,"C","W",,"LF",1,4.00,2.60
1,"2025-03-03","09:00","NS",1,205,"C","W",,"S",1,4.00,17.37
2,"2025-03-03","12:00","F",1,96,"C","W",,"S",1,4.00,2.33
2,"2025-03-03","18:00","F",1,97,"C","W",,"S",1,4.00,2.33
1,"2025-03-04","11:00","NS",1,98,"C","W",,"S",1,4.00,16.52
1,"2025-03-04","13:00","NS",1,96,"C","S",,"S",1,4.00,16.58
2,"2025-03-04","18:00","F",1,91,"C","S",,"S",1,4.00,2.33
2,"2025-03-04","20:00","F",1,67,"N","S",,,1,4.00,2.33
2,"2025-03-04","20:00","F",1,92,"C","S",,"S",1,4.00,2.33
2,"2025-03-04","20:00","F",1,94,"C","S",,"S",1,4.00,2.33
2,"2025-03-04","22:00","F",1,55,"N","F",,,1,4.00,2.33
2,"2025-03-04","22:00","F",1,75,"N","S",,,1,4.00,2.33
2,"2025-03-04","22:00","F",1,87,"C","S",,"S",1,4.00,2.33
2,"2025-03-04","22:00","F",1,94,"C","S",,"S",1,4.00,2.33
1,"2025-03-05","16:30","NS",1,100,"C","W",,"S",1,1.00,4.33
2,"2025-03-05","20:00","F",1,72,"N","S","F",,1,4.00,2.33
2,"2025-03-05","20:00","F",1,106,"C","W",,"S",1,4.00,2.60
2,"2025-03-05","22:00","F",1,103,"N","W","W",,1,4.00,2.60
2,"2025-03-06","04:00","F",1,91,"C","S",,"S",1,4.00,2.33
2,"2025-03-06","10:00","F",1,47,"N","F",,,1,4.00,2.33
2,"2025-03-06","10:00","F",1,82,"C","S",,"S",1,4.00,2.33
1,"2025-03-06","16:00","NS",1,95,"C","S",,"S",1,2.00,8.27
2,"2025-03-07","06:00","F",1,175,"C","W",,"LF",1,4.00,2.60
2,"2025-03-07","08:00","F",1,97,"C","S",,"S",1,4.00,2.33
2,"2025-03-07","10:00","F",1,41,"N","F",,,1,4.00,2.33
2,"2025-03-07","14:00","F",1,82,"C","S",,"S",1,4.00,2.33
2,"2025-03-07","20:00","F",1,41,"N","F",,,1,4.00,2.33
2,"2025-03-07","20:00","F",1,42,"N","F",,,1,4.00,2.33
2,"2025-03-07","20:00","F",1,104,"C","W",,"S",1,4.00,2.60
2,"2025-03-07","22:00","F",1,86,"C","S",,"S",1,4.00,2.33
2,"2025-03-07","22:00","F",1,93,"C","S",,"S",1,4.00,2.33
2,"2025-03-07","23:59","F",1,96,"C","S",,"S",1,4.00,2.33
2,"2025-03-07","23:59","F",1,97,"C","S",,"S",1,4.00,2.33
2,"2025-03-08","02:00","F",1,49,"N","F",,,1,4.00,2.33
2,"2025-03-08","02:00","F",1,59,"N","F",,,1,4.00,2.33
2,"2025-03-08","02:00","F",1,98,"C","S",,"S",1,4.00,2.33
2,"2025-03-08","04:00","F",1,48,"N","F",,,1,4.00,2.33
2,"2025-03-08","04:00","F",1,62,"N","F",,,1,4.00,2.33
2,"2025-03-08","06:00","F",1,108,"C","W",,"S",1,4.00,2.60
2,"2025-03-08","16:00","F",1,97,"N","S","S",,1,4.00,2.33
2,"2025-03-08","20:00","F",1,109,"C","W",,,1,4.00,2.60
2,"2025-03-08","20:00","F",1,111,"C","W",,"S",1,4.00,2.60
2,"2025-03-08","20:00","F",1,125,"N","W","W",,1,4.00,2.60
2,"2025-03-09","02:00","F",1,108,"C","W",,"S",1,4.00,2.60
2,"2025-03-09","04:00","F",1,92,"C","S",,"S",1,2.00,1.16
2,"2025-03-09","04:00","F",1,98,"C","S",,"S",1,2.00,1.16
2,"2025-03-09","04:00","F",1,102,"C","W",,"S",1,2.00,1.30
2,"2025-03-09","04:00","F",1,104,"C","W",,"S",1,2.00,1.30
2,"2025-03-09","04:00","F",1,113,"C","W",,"S",1,2.00,1.30
2,"2025-03-09","06:00","F",1,57,"N","F",,,1,4.00,2.33
2,"2025-03-09","06:00","F",1,60,"N","F",,,1,4.00,2.33
2,"2025-03-09","08:00","F",1,59,"N","F",,,1,4.00,2.33
2,"2025-03-09","10:00","F",1,102,"C","W",,"S",1,4.00,2.60
2,"2025-03-09","12:00","F",1,116,"C","W",,"S",1,4.00,2.60
1,"2025-03-09","13:00","NS",1,95,"C","S",,"S",1,2.00,8.29
2,"2025-03-09","14:00","F",1,53,"N","F",,,1,4.00,2.33
2,"2025-03-09","20:00","F",1,50,"N","F",,,1,4.00,2.33
2,"2025-03-09","20:00","F",1,52,"N","F",,,1,4.00,2.33
2,"2025-03-09","20:00","F",1,73,"N","S","S",,1,4.00,2.33
2,"2025-03-09","20:00","F",1,106,"C","W",,"W",1,4.00,2.60
2,"2025-03-09","22:00","F",1,43,"N","F",,,1,4.00,2.33
2,"2025-03-09","22:00","F",1,46,"N","F",,,1,4.00,2.33
2,"2025-03-09","22:00","F",1,84,"C","S",,"S",1,4.00,2.33
2,"2025-03-09","23:59","F",1,49,"N","F",,,1,4.00,2.33
2,"2025-03-10","02:00","F",1,97,"C","S",,"S",1,4.00,2.33
2,"2025-03-10","02:00","F",1,98,"C","S",,"S",1,4.00,2.33
2,"2025-03-10","02:00","F",1,103,"N","W","S",,1,4.00,2.60
2,"2025-03-10","04:00","F",1,46,"N","F",,,1,4.00,2.33
2,"2025-03-10","04:00","F",1,52,"N","F",,,1,4.00,2.33
2,"2025-03-10","04:00","F",1,88,"C","S",,"S",1,4.00,2.33
2,"2025-03-10","04:00","F",1,98,"C","S",,"S",1,4.00,2.33
2,"2025-03-10","06:00","F",1,84,"N","S","F",,1,4.00,2.33
2,"2025-03-10","12:00","F",1,83,"C","S",,"S",1,4.00,2.33
2,"2025-03-10","12:00","F",1,93,"C","S",,"S",1,4.00,2.33
2,"2025-03-10","14:00","F",1,101,"C","W",,"W",1,4.00,2.60
1,"2025-03-10","18:30","NS",1,94,"C","S",,"S",1,1.00,4.33
1,"2025-03-10","18:30","NS",1,96,"C","S",,"S",1,1.00,4.33
2,"2025-03-10","20:00","F",1,41,"N","F",,,1,4.00,2.33
2,"2025-03-10","20:00","F",1,92,"C","S",,"S",1,4.00,2.33
2,"2025-03-10","20:00","F",1,187,"C","W",,"LF",1,4.00,2.60
2,"2025-03-10","22:00","F",1,41,"N","F",,,1,4.00,2.33
2,"2025-03-10","22:00","F",1,90,"C","S",,"S",1,4.00,2.33
2,"2025-03-10","23:59","F",1,108,"N","W","S",,1,4.00,2.60
2,"2025-03-11","06:00","F",1,35,"N","F",,,1,4.00,2.33
2,"2025-03-11","06:00","F",1,45,"N","F",,,1,4.00,2.33
2,"2025-03-11","06:00","F",1,190,"C","W",,"LF",1,4.00,2.60
2,"2025-03-11","08:00","F",1,47,"N","F",,,1,4.00,2.33
2,"2025-03-11","08:00","F",1,97,"C","S",,"S",1,4.00,2.33
2,"2025-03-11","10:00","F",1,89,"C","S",,"S",1,3.00,1.74
2,"2025-03-11","14:00","F",1,94,"C","S",,"S",1,4.00,2.33
2,"2025-03-11","14:00","F",1,99,"C","S",,"S",1,4.00,2.33
2,"2025-03-11","14:00","F",1,104,"C","W",,"S",1,4.00,2.60
2,"2025-03-11","14:00","F",1,107,"C","W",,"S",1,4.00,2.60
2,"2025-03-11","20:00","F",1,96,"C","S",,"S",1,4.00,2.33
2,"2025-03-11","22:00","F",1,90,"C","S",,"S",1,4.00,2.33
2,"2025-03-12","08:00","F",1,43,"N","F",,,1,4.00,2.33
2,"2025-03-12","08:00","F",1,101,"C","S",,"S",1,4.00,2.60
2,"2025-03-12","16:00","F",1,100,"C","S",,"S",1,4.00,2.33
2,"2025-03-12","16:00","F",1,105,"C","W",,"S",1,4.00,2.60
1,"2025-03-12","17:00","NS",1,207,"C","W",,"S",1,4.00,17.54
2,"2025-03-12","20:00","F",1,47,"N","F",,,1,4.00,2.33
2,"2025-03-12","20:00","F",1,79,"C","S",,"S",1,4.00,2.33
2,"2025-03-12","22:00","F",1,59,"N","F",,,1,4.00,2.33
2,"2025-03-12","22:00","F",1,65,"N","S","F",,1,4.00,2.33
2,"2025-03-13","08:00","F",1,123,"N","W","S",,1,4.00,2.60
2,"2025-03-13","10:00","F",1,111,"N","W","S",,1,4.00,2.60
2,"2025-03-13","12:00","F",1,95,"C","S",,"S",1,4.00,2.33
2,"2025-03-13","14:00","F",1,95,"C","S",,"S",1,4.00,2.33
2,"2025-03-13","14:00","F",1,96,"C","S",,"S",1,4.00,2.33
2,"2025-03-13","16:00","F",1,59,"N","F",,,1,4.00,2.33
2,"2025-03-13","16:00","F",1,96,"C","S",,"S",1,4.00,2.33
2,"2025-03-13","16:00","F",1,97,"C","S",,"S",1,4.00,2.33
2,"2025-03-13","16:00","F",1,100,"C","S",,"S",1,4.00,2.33
2,"2025-03-13","20:00","F",1,51,"N","F",,,1,4.00,2.33
2,"2025-03-13","20:00","F",1,55,"N","F",,,1,4.00,2.33
2,"2025-03-14","08:00","F",1,104,"C","S",,"W",1,4.00,2.60
2,"2025-03-14","08:00","F",1,106,"C","W",,"W",1,4.00,2.60
2,"2025-03-14","10:00","F",1,99,"C","S",,"S",1,4.00,2.33
2,"2025-03-14","14:00","F",1,44,"N","F",,,1,4.00,2.33
2,"2025-03-14","14:00","F",1,47,"N","F",,,1,4.00,2.33
2,"2025-03-14","16:00","F",1,46,"N","F",,,1,4.00,2.33
2,"2025-03-14","16:00","F",1,85,"C","S",,"S",1,4.00,2.33
2,"2025-03-14","16:00","F",1,93,"C","S",,"S",1,4.00,2.33
2,"2025-03-14","16:00","F",1,94,"C","S",,"S",1,4.00,2.33
2,"2025-03-14","16:00","F",1,105,"C","W",,"S",1,4.00,2.60
2,"2025-03-14","18:00","F",1,90,"C","S",,"S",1,4.00,2.33
2,"2025-03-14","18:00","F",1,94,"C","S",,"S",1,4.00,2.33
2,"2025-03-14","18:00","F",1,100,"C","S",,"W",1,4.00,2.33
2,"2025-03-14","20:00","F",1,109,"C","W",,"W",1,4.00,2.60
2,"2025-03-14","20:00","F",1,134,"N","W","F",,1,4.00,2.60
2,"2025-03-14","20:00","F",1,180,"C","W",,"LF",1,4.00,2.60
2,"2025-03-14","20:00","F",1,200,"C","W",,"S",1,4.00,2.60
2,"2025-03-14","22:00","F",1,65,"N","S","F",,1,4.00,2.33
2,"2025-03-15","06:00","F",1,93,"C","S",,"S",1,4.00,2.33
2,"2025-03-15","08:00","F",1,95,"C","S",,"W",1,4.00,2.33
2,"2025-03-15","08:00","F",1,106,"C","W",,"W",1,4.00,2.60
1,"2025-03-15","11:00","NS",1,94,"C","S",,"S",1,4.00,16.41
2,"2025-03-15","14:00","F",1,104,"C","S",,"W",1,4.00,2.60
2,"2025-03-15","16:00","F",1,102,"C","S",,"S",1,4.00,2.60
2,"2025-03-15","18:00","F",1,56,"N","F",,,1,4.00,2.33
2,"2025-03-15","18:00","F",1,93,"C","S",,"S",1,4.00,2.33
2,"2025-03-15","18:00","F",1,97,"C","S",,"S",1,4.00,2.33
2,"2025-03-15","20:00","F",1,101,"C","S",,"W",1,4.00,2.60
2,"2025-03-15","20:00","F",1,113,"C","W",,"LF",1,4.00,2.60
2,"2025-03-16","06:00","F",1,100,"C","S",,"S",1,4.00,2.33
2,"2025-03-16","06:00","F",1,107,"C","W",,"S",1,4.00,2.60
2,"2025-03-16","06:00","F",1,126,"N","W","W",,1,4.00,2.60
2,"2025-03-16","08:00","F",1,52,"N","F",,,1,4.00,2.33
2,"2025-03-16","14:00","F",1,104,"C","S",,"S",1,4.00,2.60
2,"2025-03-16","16:00","F",1,58,"N","F",,,1,4.00,2.33
2,"2025-03-16","16:00","F",1,104,"C","S",,"S",1,4.00,2.60
2,"2025-03-16","18:00","F",1,87,"C","S",,"S",1,4.00,2.33
2,"2025-03-16","18:00","F",1,88,"C","S",,"S",1,4.00,2.33
2,"2025-03-16","18:00","F",1,92,"C","S",,"S",1,4.00,2.33
2,"2025-03-16","18:00","F",1,99,"C","S",,"S",1,4.00,2.33
2,"2025-03-16","18:00","F",1,103,"C","S",,"S",1,4.00,2.60
1,"2025-03-16","18:00","NS",1,105,"C","S",,"W",1,2.00,8.75
2,"2025-03-16","18:00","F",1,106,"C","S",,"W",1,4.00,2.60
2,"2025-03-16","20:00","F",1,84,"C","S",,"S",1,4.00,2.33
2,"2025-03-16","20:00","F",1,91,"C","S",,"S",1,4.00,2.33
2,"2025-03-16","20:00","F",1,127,"N","W","W",,1,4.00,2.60
2,"2025-03-16","20:00","F",1,136,"N","W","W",,1,4.00,2.60
2,"2025-03-16","22:00","F",1,67,"N","S","F",,1,4.00,2.33
2,"2025-03-16","22:00","F",1,270,"C","W",,,1,4.00,2.60
2,"2025-03-16","23:59","F",1,98,"C","S",,"S",1,4.00,2.33
2,"2025-03-17","02:00","F",1,56,"N","F",,,1,4.00,2.33
2,"2025-03-17","08:00","F",1,98,"C","S",,"S",1,4.00,2.33
2,"2025-03-17","08:00","F",1,107,"C","W",,"W",1,4.00,2.60
2,"2025-03-17","10:00","F",1,101,"C","S",,"W",1,4.00,2.60
2,"2025-03-17","12:00","F",1,103,"C","S",,"W",1,4.00,2.60
2,"2025-03-17","12:00","F",1,105,"C","S",,"W",1,4.00,2.60
1,"2025-03-17","13:00","NS",1,178,"C","W",,"LF",1,4.00,17.20
2,"2025-03-17","16:00","F",1,102,"C","S",,"S",1,4.00,2.60
2,"2025-03-17","16:00","F",1,132,"N","W","F",,1,4.00,2.60
2,"2025-03-17","18:00","F",1,87,"C","S",,"S",1,4.00,2.33
2,"2025-03-17","18:00","F",1,94,"C","S",,"S",1,4.00,2.33
1,"2025-03-17","18:00","NS",1,95,"C","S",,"S",1,2.00,8.27
2,"2025-03-17","18:00","F",1,96,"C","S",,"S",1,4.00,2.33
2,"2025-03-17","18:00","F",1,102,"C","S",,"S",1,4.00,2.60
2,"2025-03-17","18:00","F",1,103,"C","S",,"W",1,4.00,2.60
2,"2025-03-17","18:00","F",1,107,"C","W",,"S",1,4.00,2.60
2,"2025-03-17","18:00","F",1,109,"C","W",,"S",1,4.00,2.60
2,"2025-03-17","18:00","F",1,113,"C","W",,"W",1,4.00,2.60
2,"2025-03-17","18:00","F",1,115,"N","W","W",,1,4.00,2.60
2,"2025-03-17","18:00","F",1,116,"N","W","F",,1,4.00,2.60
1,"2025-03-17","18:30","NS",1,191,"C","W",,"LF",1,1.00,4.33
2,"2025-03-17","20:00","F",1,87,"C","S",,"S",1,4.00,2.33
2,"2025-03-17","22:00","F",1,48,"N","F",,,1,4.00,2.33
2,"2025-03-17","22:00","F",1,63,"N","F",,,1,4.00,2.33
2,"2025-03-17","23:59","F",1,44,"N","F",,,1,4.00,2.33
2,"2025-03-17","23:59","F",1,101,"C","S",,"W",1,4.00,2.60
2,"2025-03-17","23:59","F",1,107,"C","W",,"W",1,4.00,2.60
2,"2025-03-18","08:00","F",1,102,"C","S",,"W",1,4.00,2.60
2,"2025-03-18","10:00","F",1,92,"C","S",,"W",1,4.00,2.33
2,"2025-03-18","10:00","F",1,111,"C","W",,"W",1,4.00,2.60
2,"2025-03-18","10:00","F",1,118,"C","W",,"W",1,4.00,2.60
1,"2025-03-18","11:00","NS",1,107,"C","S",,"W",1,4.00,17.12
1,"2025-03-18","11:00","NS",1,111,"N","W",,,1,4.00,17.12
2,"2025-03-18","12:00","F",1,88,"C","S",,"S",1,4.00,2.33
2,"2025-03-18","12:00","F",1,96,"C","S",,"W",1,4.00,2.33
2,"2025-03-18","18:00","F",1,204,"N","W","F",,1,4.00,2.60
2,"2025-03-18","20:00","F",1,90,"C","S",,"S",1,4.00,2.33
2,"2025-03-18","20:00","F",1,95,"C","S",,"S",1,4.00,2.33
2,"2025-03-18","20:00","F",1,97,"C","S",,"S",1,4.00,2.33
2,"2025-03-18","20:00","F",1,101,"C","S",,"S",1,4.00,2.60
2,"2025-03-18","20:00","F",1,102,"C","S",,,1,4.00,2.60
2,"2025-03-18","20:00","F",1,103,"C","S",,"S",1,4.00,2.60
2,"2025-03-18","20:00","F",1,111,"C","W",,"W",1,4.00,2.60
2,"2025-03-18","22:00","F",1,84,"N","S",,,1,4.00,2.33
2,"2025-03-19","02:00","F",1,154,"N","W","F",,1,4.00,2.60
1,"2025-03-19","07:00","NS",1,101,"C","S",,"S",1,4.00,17.54
1,"2025-03-19","07:00","NS",1,109,"C","W",,"W",1,4.00,17.54
2,"2025-03-19","08:00","F",1,100,"C","S",,"S",1,4.00,2.33
2,"2025-03-19","08:00","F",1,109,"N","W","W",,1,4.00,2.60
1,"2025-03-19","09:00","NS",1,103,"N","S",,,1,2.00,8.59
2,"2025-03-19","10:00","F",1,76,"N","S",,,1,4.00,2.33
1,"2025-03-19","11:00","NS",1,109,"N","W","F",,1,4.00,17.09
2,"2025-03-19","12:00","F",1,219,"C","W",,"S",1,4.00,2.60
2,"2025-03-19","14:00","F",1,58,"N","F",,,1,4.00,2.33
2,"2025-03-19","14:00","F",1,106,"C","S",,"W",1,4.00,2.60
1,"2025-03-19","15:00","NS",1,101,"C","S",,"W",1,4.00,17.17
1,"2025-03-19","16:00","NS",1,60,"N","F",,,1,2.00,8.16
2,"2025-03-19","16:00","F",1,93,"C","S",,"S",1,4.00,2.33
2,"2025-03-19","16:00","F",1,94,"C","S",,"S",1,4.00,2.33
2,"2025-03-19","16:00","F",1,96,"C","S",,"S",1,4.00,2.33
1,"2025-03-19","16:00","NS",1,105,"C","S",,"W",1,2.00,8.59
2,"2025-03-19","18:00","F",1,52,"N","F",,,1,4.00,2.33
2,"2025-03-19","20:00","F",1,48,"N","F",,,1,4.00,2.33
2,"2025-03-19","20:00","F",1,71,"N","S",,,1,4.00,2.33
2,"2025-03-19","20:00","F",1,79,"C","S",,"S",1,4.00,2.33
2,"2025-03-19","20:00","F",1,87,"N","S",,,1,4.00,2.33
2,"2025-03-19","20:00","F",1,89,"C","S",,"S",1,4.00,2.33
2,"2025-03-19","20:00","F",1,89,"C","S",,"S",1,4.00,2.33
2,"2025-03-19","20:00","F",1,90,"C","S",,"S",1,4.00,2.33
2,"2025-03-19","20:00","F",1,92,"C","S",,"S",1,4.00,2.33
2,"2025-03-19","20:00","F",1,92,"C","S",,,1,4.00,2.33
2,"2025-03-19","20:00","F",1,93,"C","S",,"S",1,4.00,2.33
2,"2025-03-19","20:00","F",1,93,"C","S",,"S",1,4.00,2.33
2,"2025-03-19","20:00","F",1,93,"C","S",,"S",1,4.00,2.33
2,"2025-03-19","20:00","F",1,95,"C","S",,"S",1,4.00,2.33
2,"2025-03-19","20:00","F",1,97,"C","S",,"S",1,4.00,2.33
2,"2025-03-19","20:00","F",1,111,"C","W",,"S",1,4.00,2.60
2,"2025-03-19","20:00","F",1,115,"C","W",,"W",1,4.00,2.60
2,"2025-03-19","22:00","F",1,51,"C","F",,,1,4.00,2.33
2,"2025-03-19","22:00","F",1,86,"C","S",,"S",1,4.00,2.33
2,"2025-03-20","02:00","F",1,88,"C","S",,"S",1,4.00,2.33
2,"2025-03-20","02:00","F",1,93,"C","S",,"S",1,4.00,2.33
1,"2025-03-20","07:00","NS",1,65,"N","F",,,1,4.00,16.69
1,"2025-03-20","07:00","NS",1,110,"C","W",,"W",1,4.00,17.64
1,"2025-03-20","08:00","NS",1,82,"N","S",,,1,2.00,8.34
2,"2025-03-20","08:00","F",1,110,"C","W",,"W",1,4.00,2.60
1,"2025-03-20","11:00","NS",1,92,"C","S",,"S",1,4.00,16.35
1,"2025-03-20","11:00","NS",1,98,"C","S",,"S",1,4.00,16.35
1,"2025-03-20","11:00","NS",1,102,"C","S",,"S",1,4.00,17.20
2,"2025-03-20","16:00","F",1,81,"C","S",,"S",1,4.00,2.33
2,"2025-03-20","16:00","F",1,88,"C","S",,"S",1,4.00,2.33
2,"2025-03-20","16:00","F",1,92,"C","S",,"S",1,4.00,2.33
2,"2025-03-20","16:00","F",1,92,"C","S",,"S",1,4.00,2.33
2,"2025-03-20","16:00","F",1,94,"C","S",,"S",1,4.00,2.33
2,"2025-03-20","16:00","F",1,97,"C","S",,"S",1,4.00,2.33
2,"2025-03-20","16:00","F",1,116,"C","W",,"S",1,4.00,2.60
2,"2025-03-20","16:00","F",1,117,"N","W","S",,1,4.00,2.60
2,"2025-03-20","20:00","F",1,91,"C","S",,"S",1,4.00,2.33
2,"2025-03-20","20:00","F",1,93,"C","S",,"S",1,4.00,2.33
2,"2025-03-20","20:00","F",1,95,"C","S",,"S",1,4.00,2.33
2,"2025-03-20","20:00","F",1,96,"C","S",,"S",1,4.00,2.33
2,"2025-03-20","20:00","F",1,97,"C","S",,"S",1,4.00,2.33
2,"2025-03-20","22:00","F",1,51,"N","F",,,1,4.00,2.33
2,"2025-03-20","22:00","F",1,58,"N","F",,,1,4.00,2.33
2,"2025-03-20","22:00","F",1,83,"C","S",,"S",1,4.00,2.33
2,"2025-03-20","22:00","F",1,85,"C","S",,"S",1,4.00,2.33
2,"2025-03-20","22:00","F",1,96,"C","S",,"S",1,4.00,2.33
2,"2025-03-20","22:00","F",1,97,"C","S",,"S",1,4.00,2.33
2,"2025-03-20","22:00","F",1,97,"C","S",,"S",1,4.00,2.33
2,"2025-03-20","22:00","F",1,98,"C","S",,"S",1,4.00,2.33
2,"2025-03-20","23:59","F",1,93,"C","S",,"S",1,4.00,2.33
2,"2025-03-21","04:00","F",1,86,"C","S",,"S",1,4.00,2.33
2,"2025-03-21","04:00","F",1,97,"C","S",,"S",1,4.00,2.33
2,"2025-03-21","04:00","F",1,104,"C","S",,"W",1,4.00,2.60
2,"2025-03-21","04:00","F",1,106,"C","S",,"W",1,4.00,2.60
2,"2025-03-21","12:00","F",1,90,"C","S",,"S",1,4.00,2.33
2,"2025-03-21","12:00","F",1,95,"C","S",,"S",1,4.00,2.33
1,"2025-03-21","12:00","NS",1,101,"C","S",,"S",1,2.00,8.59
2,"2025-03-21","12:00","F",1,114,"C","W",,"W",1,4.00,2.60
1,"2025-03-21","13:00","NS",1,104,"C","S",,"S",1,2.00,8.59
2,"2025-03-21","14:00","F",1,52,"N","F",,,1,4.00,2.33
1,"2025-03-21","14:00","NS",1,92,"C","S",,"S",1,2.00,8.16
1,"2025-03-21","15:00","NS",1,105,"C","S",,"W",1,2.00,9.14
1,"2025-03-21","15:30","NS",1,98,"C","S",,"S",1,1.00,4.33
1,"2025-03-21","15:30","NS",1,105,"C","S",,"S",1,1.00,4.33
2,"2025-03-21","18:00","F",1,103,"C","S",,"S",1,4.00,2.60
2,"2025-03-21","20:00","F",1,59,"N","F",,,1,4.00,2.33
2,"2025-03-21","20:00","F",1,65,"N","F",,,1,4.00,2.33
2,"2025-03-21","20:00","F",1,96,"C","S",,"S",1,4.00,2.33
2,"2025-03-21","20:00","F",1,98,"C","S",,"S",1,4.00,2.33
2,"2025-03-21","22:00","F",1,85,"C","S",,"S",1,4.00,2.33
2,"2025-03-21","22:00","F",1,91,"C","S",,"S",1,4.00,2.33
2,"2025-03-21","22:00","F",1,101,"C","S",,"S",1,4.00,2.60
2,"2025-03-21","22:00","F",1,103,"C","S",,"S",1,4.00,2.60
2,"2025-03-22","02:00","F",1,120,"N","W","S",,1,4.00,2.88
2,"2025-03-22","06:00","F",1,90,"N","S",,,1,4.00,2.54
2,"2025-03-22","08:00","F",1,90,"C","S",,"S",1,4.00,2.54
2,"2025-03-22","08:00","F",1,92,"C","S",,"S",1,4.00,2.54
2,"2025-03-22","14:00","F",1,110,"C","S",,"W",1,4.00,2.88
2,"2025-03-22","20:00","F",1,86,"C","S",,"S",1,4.00,2.54
2,"2025-03-22","20:00","F",1,110,"N","S",,,1,4.00,2.88
2,"2025-03-22","23:59","F",1,59,"N","F",,,1,4.00,2.54
2,"2025-03-22","23:59","F",1,99,"C","S",,"S",1,4.00,2.54
2,"2025-03-22","23:59","F",1,104,"C","S",,"S",1,4.00,2.88
2,"2025-03-23","02:00","F",1,87,"C","S",,"S",1,4.00,2.54
2,"2025-03-23","04:00","F",1,52,"N","F",,,1,4.00,2.54
2,"2025-03-23","04:00","F",1,55,"N","F",,,1,4.00,2.54
2,"2025-03-23","04:00","F",1,133,"N","W","F",,1,4.00,2.88
2,"2025-03-23","04:00","F",1,204,"C","W",,"LF",1,4.00,2.88
1,"2025-03-23","05:00","NS",1,105,"N","S",,,1,4.00,17.64
2,"2025-03-23","06:00","F",1,58,"N","F",,,1,4.00,2.54
2,"2025-03-23","06:00","F",1,68,"N","F",,,1,4.00,2.54
2,"2025-03-23","10:00","F",1,97,"C","S",,"S",1,4.00,2.54
2,"2025-03-23","10:00","F",1,101,"C","S",,"S",1,4.00,2.88
2,"2025-03-23","10:00","F",1,108,"C","S",,"S",1,4.00,2.88
2,"2025-03-23","12:00","F",1,85,"C","S",,"S",1,4.00,2.54
2,"2025-03-23","18:00","F",1,101,"C","S",,"S",1,4.00,2.88
2,"2025-03-23","23:59","F",1,68,"C","F",,"S",1,4.00,2.54
2,"2025-03-23","23:59","F",1,89,"N","S",,,1,4.00,2.54
2,"2025-03-23","23:59","F",1,92,"C","S",,"S",1,4.00,2.54
2,"2025-03-23","23:59","F",1,93,"C","S",,"S",1,4.00,2.54
2,"2025-03-23","23:59","F",1,95,"C","S",,"S",1,4.00,2.54
2,"2025-03-23","23:59","F",1,99,"C","S",,"S",1,4.00,2.54
2,"2025-03-23","23:59","F",1,102,"C","S",,"S",1,4.00,2.88
2,"2025-03-23","23:59","F",1,107,"C","S",,"S",1,4.00,2.88
2,"2025-03-24","02:00","F",1,57,"N","F",,,1,4.00,2.54
2,"2025-03-24","02:00","F",1,78,"C","S",,"S",1,4.00,2.54
2,"2025-03-24","02:00","F",1,94,"C","S",,"S",1,4.00,2.54
2,"2025-03-24","02:00","F",1,96,"C","S",,"S",1,4.00,2.54
2,"2025-03-24","02:00","F",1,97,"C","S",,"S",1,4.00,2.54
2,"2025-03-24","02:00","F",1,98,"C","S",,"S",1,4.00,2.54
2,"2025-03-24","02:00","F",1,99,"C","S",,"S",1,4.00,2.54
2,"2025-03-24","02:00","F",1,103,"C","S",,"S",1,4.00,2.88
2,"2025-03-24","02:00","F",1,110,"C","S",,"S",1,4.00,2.88
2,"2025-03-24","02:00","F",1,110,"C","S",,"S",1,4.00,2.88
2,"2025-03-24","02:00","F",1,113,"C","S",,"S",1,4.00,2.88
2,"2025-03-24","04:00","F",1,64,"N","F",,,1,4.00,2.54
2,"2025-03-24","04:00","F",1,90,"C","S",,,1,4.00,2.54
2,"2025-03-24","04:00","F",1,93,"C","S",,"S",1,4.00,2.54
2,"2025-03-24","04:00","F",1,104,"C","S",,"S",1,4.00,2.88
2,"2025-03-24","04:00","F",1,105,"C","S",,"S",1,4.00,2.88
2,"2025-03-24","04:00","F",1,106,"C","S",,"S",1,4.00,2.88
2,"2025-03-24","04:00","F",1,107,"C","S",,"S",1,4.00,2.88
2,"2025-03-24","04:00","F",1,108,"C","S",,"S",1,4.00,2.88
2,"2025-03-24","06:00","F",1,82,"N","S",,,1,4.00,2.54
2,"2025-03-24","06:00","F",1,101,"C","S",,"S",1,4.00,2.88
2,"2025-03-24","08:00","F",1,114,"N","W","W",,1,4.00,2.88
2,"2025-03-24","10:00","F",1,88,"C","S",,"S",1,4.00,2.54
2,"2025-03-24","10:00","F",1,92,"C","S",,"S",1,4.00,2.54
2,"2025-03-24","10:00","F",1,97,"C","S",,"S",1,4.00,2.54
2,"2025-03-24","10:00","F",1,103,"C","S",,"S",1,4.00,2.88
2,"2025-03-24","12:00","F",1,66,"N","F",,,1,4.00,2.54
2,"2025-03-24","12:00","F",1,91,"C","S",,"S",1,4.00,2.54
2,"2025-03-24","12:00","F",1,100,"C","S",,"S",1,4.00,2.54
2,"2025-03-24","16:00","F",1,95,"C","S",,"S",1,4.00,2.54
2,"2025-03-24","18:00","F",1,94,"C","S",,"S",1,4.00,2.54
2,"2025-03-24","18:00","F",1,94,"C","S",,"S",1,4.00,2.54
2,"2025-03-24","20:00","F",1,64,"N","F",,,1,4.00,2.54
2,"2025-03-24","20:00","F",1,103,"C","S",,"S",1,4.00,2.88
2,"2025-03-24","20:00","F",1,104,"C","S",,"S",1,4.00,2.88
2,"2025-03-24","20:00","F",1,105,"C","S",,,1,4.00,2.88
2,"2025-03-24","22:00","F",1,93,"C","S",,"S",1,4.00,2.54
2,"2025-03-24","22:00","F",1,97,"C","S",,"S",1,4.00,2.54
2,"2025-03-24","22:00","F",1,97,"C","S",,,1,4.00,2.54
2,"2025-03-24","22:00","F",1,103,"C","S",,"S",1,4.00,2.88
2,"2025-03-24","22:00","F",1,113,"C","S",,"S",1,4.00,2.88
2,"2025-03-24","23:59","F",1,88,"C","S",,"S",1,4.00,2.54
2,"2025-03-24","23:59","F",1,90,"N","S",,,1,4.00,2.54
2,"2025-03-24","23:59","F",1,101,"C","S",,,1,4.00,2.88
2,"2025-03-24","23:59","F",1,102,"C","S",,"S",1,4.00,2.88
2,"2025-03-24","23:59","F",1,103,"C","S",,"S",1,4.00,2.88
2,"2025-03-25","02:00","F",1,83,"C","S",,"S",1,4.00,2.54
2,"2025-03-25","02:00","F",1,84,"C","S",,"S",1,4.00,2.54
2,"2025-03-25","02:00","F",1,87,"C","S",,"S",1,4.00,2.54
2,"2025-03-25","02:00","F",1,90,"C","S",,"S",1,4.00,2.54
2,"2025-03-25","02:00","F",1,91,"C","S",,"S",1,4.00,2.54
2,"2025-03-25","02:00","F",1,92,"C","S",,"S",1,4.00,2.54
2,"2025-03-25","02:00","F",1,93,"C","S",,"S",1,4.00,2.54
2,"2025-03-25","02:00","F",1,94,"C","S",,"S",1,4.00,2.54
2,"2025-03-25","02:00","F",1,94,"C","S",,"S",1,4.00,2.54
2,"2025-03-25","02:00","F",1,94,"C","S",,"S",1,4.00,2.54
2,"2025-03-25","02:00","F",1,98,"C","S",,"S",1,4.00,2.54
2,"2025-03-25","02:00","F",1,98,"C","S",,"S",1,4.00,2.54
2,"2025-03-25","02:00","F",1,98,"C","S",,"S",1,4.00,2.54
2,"2025-03-25","02:00","F",1,99,"C","S",,"S",1,4.00,2.54
2,"2025-03-25","02:00","F",1,103,"C","S",,"S",1,4.00,2.88
2,"2025-03-25","02:00","F",1,107,"C","S",,"S",1,4.00,2.88
2,"2025-03-25","04:00","F",1,84,"C","S",,"S",1,4.00,2.54
2,"2025-03-25","04:00","F",1,87,"C","S",,"S",1,4.00,2.54
2,"2025-03-25","04:00","F",1,91,"C","S",,"S",1,4.00,2.54
2,"2025-03-25","04:00","F",1,92,"C","S",,"S",1,4.00,2.54
2,"2025-03-25","04:00","F",1,97,"C","S",,"S",1,4.00,2.54
2,"2025-03-25","04:00","F",1,102,"C","S",,"S",1,4.00,2.88
2,"2025-03-25","04:00","F",1,104,"C","S",,"S",1,4.00,2.88
2,"2025-03-25","04:00","F",1,109,"C","S",,"S",1,4.00,2.88
2,"2025-03-25","04:00","F",1,112,"C","S",,"S",1,4.00,2.88
2,"2025-03-25","06:00","F",1,95,"C","S",,"S",1,4.00,2.54
2,"2025-03-25","12:00","F",1,80,"C","S",,"S",1,4.00,2.54
2,"2025-03-25","12:00","F",1,86,"C","S",,,1,4.00,2.54
2,"2025-03-25","12:00","F",1,88,"C","S",,"S",1,4.00,2.54
2,"2025-03-25","12:00","F",1,89,"C","S",,"S",1,4.00,2.54
2,"2025-03-25","12:00","F",1,92,"C","S",,"S",1,4.00,2.54
2,"2025-03-25","12:00","F",1,93,"C","S",,"S",1,4.00,2.54
2,"2025-03-25","12:00","F",1,93,"C","S",,"S",1,4.00,2.54
2,"2025-03-25","12:00","F",1,97,"C","S",,"S",1,4.00,2.54
2,"2025-03-25","12:00","F",1,97,"C","S",,"S",1,4.00,2.54
2,"2025-03-25","12:00","F",1,97,"C","S",,"S",1,4.00,2.54
2,"2025-03-25","12:00","F",1,100,"C","S",,"S",1,4.00,2.54
2,"2025-03-25","12:00","F",1,105,"C","S",,"S",1,4.00,2.88
2,"2025-03-25","14:00","F",1,88,"C","S",,"S",1,4.00,2.54
2,"2025-03-25","18:00","F",1,97,"C","S",,"S",1,4.00,2.54
2,"2025-03-25","20:00","F",1,84,"N","S",,,1,4.00,2.54
2,"2025-03-25","20:00","F",1,87,"C","S",,"S",1,4.00,2.54
2,"2025-03-25","20:00","F",1,91,"C","S",,"S",1,4.00,2.54
2,"2025-03-25","20:00","F",1,92,"C","S",,"S",1,4.00,2.54
2,"2025-03-25","20:00","F",1,94,"C","S",,"S",1,4.00,2.54
2,"2025-03-25","20:00","F",1,101,"C","S",,"S",1,4.00,2.88
2,"2025-03-25","22:00","F",1,94,"C","S",,"S",1,4.00,2.54
2,"2025-03-25","23:59","F",1,87,"C","S",,"S",1,4.00,2.54
2,"2025-03-25","23:59","F",1,95,"C","S",,"S",1,4.00,2.54
2,"2025-03-25","23:59","F",1,97,"C","S",,,1,4.00,2.54
2,"2025-03-25","23:59","F",1,100,"C","S",,"S",1,4.00,2.54
2,"2025-03-25","23:59","F",1,100,"C","S",,"S",1,4.00,2.54
2,"2025-03-26","02:00","F",1,74,"C","S",,"S",1,4.00,2.54
2,"2025-03-26","02:00","F",1,75,"C","S",,"S",1,4.00,2.54
2,"2025-03-26","02:00","F",1,78,"C","S",,"S",1,4.00,2.54
2,"2025-03-26","02:00","F",1,83,"C","S",,"S",1,4.00,2.54
2,"2025-03-26","02:00","F",1,84,"C","S",,"S",1,4.00,2.54
2,"2025-03-26","02:00","F",1,84,"C","S",,"S",1,4.00,2.54
2,"2025-03-26","02:00","F",1,84,"C","S",,"S",1,4.00,2.54
2,"2025-03-26","02:00","F",1,84,"C","S",,"S",1,4.00,2.54
2,"2025-03-26","02:00","F",1,85,"C","S",,"S",1,4.00,2.54
2,"2025-03-26","02:00","F",1,85,"C","S",,"S",1,4.00,2.54
2,"2025-03-26","02:00","F",1,86,"C","S",,"S",1,4.00,2.54
2,"2025-03-26","02:00","F",1,88,"C","S",,"S",1,4.00,2.54
2,"2025-03-26","02:00","F",1,89,"C","S",,"S",1,4.00,2.54
2,"2025-03-26","02:00","F",1,90,"C","S",,"S",1,4.00,2.54
2,"2025-03-26","02:00","F",1,90,"C","S",,"S",1,4.00,2.54
2,"2025-03-26","02:00","F",1,91,"C","S",,"S",1,4.00,2.54
2,"2025-03-26","02:00","F",1,92,"C","S",,"S",1,4.00,2.54
2,"2025-03-26","02:00","F",1,93,"C","S",,"S",1,4.00,2.54
2,"2025-03-26","02:00","F",1,95,"C","S",,"S",1,4.00,2.54
2,"2025-03-26","02:00","F",1,95,"C","S",,"S",1,4.00,2.54
2,"2025-03-26","02:00","F",1,96,"C","S",,"S",1,4.00,2.54
2,"2025-03-26","02:00","F",1,96,"C","S",,"S",1,4.00,2.54
2,"2025-03-26","02:00","F",1,98,"C","S",,"S",1,4.00,2.54
2,"2025-03-26","02:00","F",1,98,"C","S",,"S",1,4.00,2.54
2,"2025-03-26","02:00","F",1,99,"C","S",,"S",1,4.00,2.54
2,"2025-03-26","02:00","F",1,99,"C","S",,"S",1,4.00,2.54
2,"2025-03-26","02:00","F",1,99,"C","S",,"S",1,4.00,2.54
2,"2025-03-26","02:00","F",1,100,"C","S",,"S",1,4.00,2.54
2,"2025-03-26","02:00","F",1,101,"C","S",,"S",1,4.00,2.88
2,"2025-03-26","02:00","F",1,105,"C","S",,"S",1,4.00,2.88
2,"2025-03-26","02:00","F",1,106,"C","S",,"S",1,4.00,2.88
2,"2025-03-26","02:00","F",1,107,"C","S",,"S",1,4.00,2.88
2,"2025-03-26","02:00","F",1,111,"C","S",,"S",1,4.00,2.88
1,"2025-03-26","03:00","OS",1,97,"C","S",,"S",1,4.00,16.58
2,"2025-03-26","04:00","F",1,83,"N","S",,,1,4.00,2.54
2,"2025-03-26","04:00","F",1,84,"C","S",,"S",1,4.00,2.54
2,"2025-03-26","04:00","F",1,85,"C","S",,,1,4.00,2.54
2,"2025-03-26","04:00","F",1,86,"C","S",,"S",1,4.00,2.54
2,"2025-03-26","04:00","F",1,88,"C","S",,"S",1,4.00,2.54
2,"2025-03-26","04:00","F",1,89,"C","S",,"S",1,4.00,2.54
2,"2025-03-26","04:00","F",1,90,"C","S",,"S",1,4.00,2.54
2,"2025-03-26","04:00","F",1,95,"C","S",,"S",1,4.00,2.54
2,"2025-03-26","04:00","F",1,95,"C","S",,"S",1,4.00,2.54
2,"2025-03-26","04:00","F",1,95,"C","S",,"S",1,4.00,2.54
2,"2025-03-26","04:00","F",1,95,"C","S",,"S",1,4.00,2.54
2,"2025-03-26","04:00","F",1,96,"C","S",,"S",1,4.00,2.54
2,"2025-03-26","04:00","F",1,98,"C","S",,"S",1,4.00,2.54
2,"2025-03-26","04:00","F",1,99,"C","S",,"S",1,4.00,2.54
2,"2025-03-26","04:00","F",1,100,"C","S",,"S",1,4.00,2.54
2,"2025-03-26","04:00","F",1,102,"C","S",,"S",1,4.00,2.88
2,"2025-03-26","04:00","F",1,104,"C","S",,"S",1,4.00,2.88
2,"2025-03-26","04:00","F",1,105,"C","S",,"S",1,4.00,2.88
1,"2025-03-26","05:00","OS",1,105,"C","S",,"S",1,4.00,17.54
2,"2025-03-26","06:00","F",1,92,"C","S",,"S",1,4.00,2.54
2,"2025-03-26","06:00","F",1,99,"C","S",,"S",1,4.00,2.54
1,"2025-03-26","07:00","OS",1,113,"C","S",,"S",1,4.00,17.61
2,"2025-03-26","08:00","F",1,90,"C","S",,"S",1,4.00,2.54
2,"2025-03-26","12:00","F",1,94,"C","S",,"S",1,4.00,2.54
2,"2025-03-26","12:00","F",1,96,"C","S",,"S",1,4.00,2.54
1,"2025-03-26","18:30","NS",1,83,"C","S",,,1,1.00,4.33
1,"2025-03-26","18:30","NS",1,105,"C","S",,,1,1.00,4.33
2,"2025-03-26","20:00","F",1,104,"C","S",,"S",1,4.00,2.88
2,"2025-03-26","22:00","F",1,100,"C","S",,"S",1,4.00,2.54
2,"2025-03-26","22:00","F",1,101,"C","S",,"S",1,4.00,2.88
2,"2025-03-26","22:00","F",1,103,"C","S",,"S",1,4.00,2.88
2,"2025-03-26","22:00","F",1,107,"C","S",,"S",1,4.00,2.88
2,"2025-03-26","23:59","F",1,88,"C","S",,"S",1,4.00,2.54
2,"2025-03-26","23:59","F",1,90,"C","S",,"S",1,4.00,2.54
2,"2025-03-26","23:59","F",1,103,"C","S",,"S",1,4.00,2.88
